sitemapsCheckedAtUtc,oldUrl,oldPath,sourceSet,targetCandidate,targetOnNamedProduction,action,needsRedirectConfiguration,mappingEvidence,contentSourceRecord,contentSourceSeedState,contentReviewStatus,categoryTargetResultCount,categoryTargetCheckedAtUtc,candidateInNewSitemap,validationStatus,reviewNote
2026-09-15T18:48:25Z,https://rockbusters.net/,/,old-sitemap,/,https://rb-github.vercel.app/,retain-same-path,no,same-listed-path,,,,,,true,path-listed-target-needs-content-check,
2026-09-15T18:48:25Z,https://rockbusters.net/event-date/,/event-date,old-sitemap,/trips,https://rb-github.vercel.app/trips,approved-browse-index-redirect,yes,user-approved-browse-index,,,,,,true,browse-index-production-pending,Trip catalogue is the approved browse successor; verify legacy-host redirect
2026-09-15T18:48:25Z,https://rockbusters.net/private-guiding,/private-guiding,old-sitemap,/trips,https://rb-github.vercel.app/trips,approved-trips-fallback-redirect,yes,user-approved-trips-fallback,,,,,,true,trips-fallback-production-pending,Broad trip-catalogue fallback; verify migrated legacy-host route
2026-09-15T18:48:25Z,https://rockbusters.net/location/,/location,old-sitemap,/destinations,https://rb-github.vercel.app/destinations,redirect-candidate-needs-validation,yes,browse-index-successor,,,,,,true,path-listed-target-needs-content-check,
2026-09-15T18:48:25Z,https://rockbusters.net/team-member/,/team-member,old-sitemap,/team,https://rb-github.vercel.app/team,redirect-candidate-needs-validation,yes,browse-index-successor,,,,,,true,path-listed-target-needs-content-check,
2026-09-15T18:48:25Z,https://rockbusters.net/blog/,/blog,old-sitemap,/blog,https://rb-github.vercel.app/blog,retain-same-path,no,same-listed-path,,,,,,true,path-listed-target-needs-content-check,
2026-09-15T18:48:25Z,https://rockbusters.net/contact,/contact,old-sitemap,/contact,https://rb-github.vercel.app/contact,retain-same-path,no,same-listed-path,,,,,,true,path-listed-target-needs-content-check,
2026-09-15T18:48:25Z,https://rockbusters.net/event-date/sport-climbing--2018-07-07-190,/event-date/sport-climbing--2018-07-07-190,old-sitemap,/trips?category=sport-climbing-holidays,https://rb-github.vercel.app/trips?category=sport-climbing-holidays,temporary-date-category-redirect,yes,legacy-date-category-audit,,,,,,false,date-category-production-pending,temporary category fallback for historical Date; not an equivalent occurrence
2026-09-15T18:48:25Z,https://rockbusters.net/event-date/sport-climbing--2018-07-07-189,/event-date/sport-climbing--2018-07-07-189,old-sitemap,/trips?category=sport-climbing-holidays,https://rb-github.vercel.app/trips?category=sport-climbing-holidays,temporary-date-category-redirect,yes,legacy-date-category-audit,,,,,,false,date-category-production-pending,temporary category fallback for historical Date; not an equivalent occurrence
2026-09-15T18:48:25Z,https://rockbusters.net/event-date/sport-climbing--2018-07-14-191,/event-date/sport-climbing--2018-07-14-191,old-sitemap,/trips?category=sport-climbing-holidays,https://rb-github.vercel.app/trips?category=sport-climbing-holidays,temporary-date-category-redirect,yes,legacy-date-category-audit,,,,,,false,date-category-production-pending,temporary category fallback for historical Date; not an equivalent occurrence
2026-09-15T18:48:25Z,https://rockbusters.net/event-date/sandstone-climbing--2018-08-11-177,/event-date/sandstone-climbing--2018-08-11-177,old-sitemap,/trips?category=trad-multipitch,https://rb-github.vercel.app/trips?category=trad-multipitch,temporary-date-category-redirect,yes,legacy-date-category-audit,,,,,,false,date-category-empty-production-pending,temporary category fallback; category currently has no active trips
2026-09-15T18:48:25Z,https://rockbusters.net/event-date/climbing-trip-europe--2018-08-18-149,/event-date/climbing-trip-europe--2018-08-18-149,old-sitemap,/trips?category=expeditions,https://rb-github.vercel.app/trips?category=expeditions,temporary-date-category-redirect,yes,legacy-date-category-audit,,,,,,false,date-category-production-pending,temporary category fallback for historical Date; not an equivalent occurrence
2026-09-15T18:48:25Z,https://rockbusters.net/event-date/deep-water-solo-mallorca--2018-10-20-155,/event-date/deep-water-solo-mallorca--2018-10-20-155,old-sitemap,/trips/deep-water-solo-mallorca/mallorca,https://rb-github.vercel.app/trips/deep-water-solo-mallorca/mallorca,redirect-candidate-needs-validation,yes,historical-equivalent-variant,,,,,,true,path-listed-target-needs-content-check,
2026-09-15T18:48:25Z,https://rockbusters.net/event-date/christmas-climbing-holiday--2018-12-22-184,/event-date/christmas-climbing-holiday--2018-12-22-184,old-sitemap,/trips?category=sport-climbing-holidays,https://rb-github.vercel.app/trips?category=sport-climbing-holidays,temporary-date-category-redirect,yes,legacy-date-category-audit,,,,,,false,date-category-production-pending,temporary category fallback for historical Date; not an equivalent occurrence
2026-09-15T18:48:25Z,https://rockbusters.net/event-date/climbing-trip-spain--2019-03-30-195,/event-date/climbing-trip-spain--2019-03-30-195,old-sitemap,/trips?category=expeditions,https://rb-github.vercel.app/trips?category=expeditions,temporary-date-category-redirect,yes,legacy-date-category-audit,,,,,,false,date-category-production-pending,temporary category fallback for historical Date; not an equivalent occurrence
2026-09-15T18:48:25Z,https://rockbusters.net/event/deep-water-solo-mallorca,/event/deep-water-solo-mallorca,old-sitemap,/trips/deep-water-solo-mallorca/mallorca,https://rb-github.vercel.app/trips/deep-water-solo-mallorca/mallorca,redirect-candidate-needs-validation,yes,verified-tier1-identity,,,,,,true,path-listed-target-needs-content-check,
2026-09-15T18:48:25Z,https://rockbusters.net/event/climbing-trip-europe,/event/climbing-trip-europe,old-sitemap,/trips/europe-rock-climbing-trip,https://rb-github.vercel.app/trips/europe-rock-climbing-trip,redirect-candidate-needs-validation,yes,verified-tier1-identity,,,,,,true,path-listed-target-needs-content-check,
2026-09-15T18:48:25Z,https://rockbusters.net/event/sport-climbing,/event/sport-climbing,old-sitemap,/trips/sport-climbing,https://rb-github.vercel.app/trips/sport-climbing,redirect-candidate-needs-validation,yes,verified-tier1-identity,,,,,,true,path-listed-target-needs-content-check,
2026-09-15T18:48:25Z,https://rockbusters.net/event/girls-climbing,/event/girls-climbing,old-sitemap,/trips/woman-climbing/cuenca,https://rb-github.vercel.app/trips/woman-climbing/cuenca,redirect-candidate-needs-validation,yes,verified-tier1-identity,,,,,,true,path-listed-target-needs-content-check,
2026-09-15T18:48:25Z,https://rockbusters.net/test-center/,/test-center,old-sitemap,/trips,https://rb-github.vercel.app/trips,approved-trips-fallback-redirect,yes,user-approved-trips-fallback,,,,,,true,trips-fallback-production-pending,Broad trip-catalogue fallback; verify migrated legacy-host route
2026-09-15T18:48:25Z,https://rockbusters.net/partner/,/partner,old-sitemap,/trips,https://rb-github.vercel.app/trips,approved-trips-fallback-redirect,yes,user-approved-trips-fallback,,,,,,true,trips-fallback-production-pending,Broad trip-catalogue fallback; verify migrated legacy-host route
2026-09-15T18:48:25Z,https://rockbusters.net/event/,/event,old-sitemap,/trips,https://rb-github.vercel.app/trips,approved-browse-index-redirect,yes,user-approved-browse-index,,,,,,true,browse-index-production-pending,Trip catalogue is the approved browse successor; verify legacy-host redirect
2026-09-15T18:48:25Z,https://rockbusters.net/terms-and-conditions,/terms-and-conditions,old-sitemap,/terms-and-conditions,https://rb-github.vercel.app/terms-and-conditions,same-path-cms-production-pending,no,published-cms-seed,,,,,,false,same-path-cms-production-pending,Published CMS Page seeded on devel; verify same-path 200 and sitemap after deployment
2026-09-15T18:48:25Z,https://rockbusters.net/event-date/klemen-becan-performance-coaching-workshop--2018-07-10-213,/event-date/klemen-becan-performance-coaching-workshop--2018-07-10-213,old-sitemap,/trips?category=performance-technique-camps,https://rb-github.vercel.app/trips?category=performance-technique-camps,temporary-date-category-redirect,yes,legacy-date-category-audit,,,,,,false,date-category-production-pending,temporary category fallback for historical Date; not an equivalent occurrence
2026-09-15T18:48:25Z,https://rockbusters.net/event-date/alpine-rock-climbing-in-chamonix--2018-07-28-201,/event-date/alpine-rock-climbing-in-chamonix--2018-07-28-201,old-sitemap,/trips?category=trad-multipitch,https://rb-github.vercel.app/trips?category=trad-multipitch,temporary-date-category-redirect,yes,legacy-date-category-audit,,,,,,false,date-category-empty-production-pending,temporary category fallback; category currently has no active trips
2026-09-15T18:48:25Z,https://rockbusters.net/event-date/trad-and-multipitch-climbing--2018-08-06-212,/event-date/trad-and-multipitch-climbing--2018-08-06-212,old-sitemap,/trips?category=trad-multipitch,https://rb-github.vercel.app/trips?category=trad-multipitch,temporary-date-category-redirect,yes,legacy-date-category-audit,,,,,,false,date-category-empty-production-pending,temporary category fallback; category currently has no active trips
2026-09-15T18:48:25Z,https://rockbusters.net/event-date/climbing-trip-europe--2018-08-18-159,/event-date/climbing-trip-europe--2018-08-18-159,old-sitemap,/trips/europe-rock-climbing-trip/labske-udoli,https://rb-github.vercel.app/trips/europe-rock-climbing-trip/labske-udoli,redirect-candidate-needs-validation,yes,historical-equivalent-variant,,,,,,true,path-listed-target-needs-content-check,
2026-09-15T18:48:25Z,https://rockbusters.net/event-date/climbing-trip-europe--2018-08-25-160,/event-date/climbing-trip-europe--2018-08-25-160,old-sitemap,/trips?category=expeditions,https://rb-github.vercel.app/trips?category=expeditions,temporary-date-category-redirect,yes,legacy-date-category-audit,,,,,,false,date-category-production-pending,temporary category fallback for historical Date; not an equivalent occurrence
2026-09-15T18:48:25Z,https://rockbusters.net/event-date/alpine-rock-climbing-in-chamonix--2018-08-25-202,/event-date/alpine-rock-climbing-in-chamonix--2018-08-25-202,old-sitemap,/trips?category=trad-multipitch,https://rb-github.vercel.app/trips?category=trad-multipitch,temporary-date-category-redirect,yes,legacy-date-category-audit,,,,,,false,date-category-empty-production-pending,temporary category fallback; category currently has no active trips
2026-09-15T18:48:25Z,https://rockbusters.net/event-date/climbing-trip-europe--2018-09-01-161,/event-date/climbing-trip-europe--2018-09-01-161,old-sitemap,/trips?category=expeditions,https://rb-github.vercel.app/trips?category=expeditions,temporary-date-category-redirect,yes,legacy-date-category-audit,,,,,,false,date-category-production-pending,temporary category fallback for historical Date; not an equivalent occurrence
2026-09-15T18:48:25Z,https://rockbusters.net/event-date/climbing-trip-europe--2018-09-08-162,/event-date/climbing-trip-europe--2018-09-08-162,old-sitemap,/trips/europe-rock-climbing-trip/finale-ligure,https://rb-github.vercel.app/trips/europe-rock-climbing-trip/finale-ligure,redirect-candidate-needs-validation,yes,historical-equivalent-variant,,,,,,true,path-listed-target-needs-content-check,
2026-09-15T18:48:25Z,https://rockbusters.net/event-date/climbing-trip-europe--2018-09-15-163,/event-date/climbing-trip-europe--2018-09-15-163,old-sitemap,/trips/europe-rock-climbing-trip/ceuse,https://rb-github.vercel.app/trips/europe-rock-climbing-trip/ceuse,redirect-candidate-needs-validation,yes,historical-equivalent-variant,,,,,,true,path-listed-target-needs-content-check,
2026-09-15T18:48:25Z,https://rockbusters.net/event-date/sandstone-climbing--2018-09-15-180,/event-date/sandstone-climbing--2018-09-15-180,old-sitemap,/trips?category=trad-multipitch,https://rb-github.vercel.app/trips?category=trad-multipitch,temporary-date-category-redirect,yes,legacy-date-category-audit,,,,,,false,date-category-empty-production-pending,temporary category fallback; category currently has no active trips
2026-09-15T18:48:25Z,https://rockbusters.net/event-date/climbing-trip-europe--2018-09-22-164,/event-date/climbing-trip-europe--2018-09-22-164,old-sitemap,/trips/europe-rock-climbing-trip/gorges-du-tarn,https://rb-github.vercel.app/trips/europe-rock-climbing-trip/gorges-du-tarn,redirect-candidate-needs-validation,yes,historical-equivalent-variant,,,,,,true,path-listed-target-needs-content-check,
2026-09-15T18:48:25Z,https://rockbusters.net/event-date/climbing-trip-europe--2018-09-29-165,/event-date/climbing-trip-europe--2018-09-29-165,old-sitemap,/trips/europe-rock-climbing-trip/margalef,https://rb-github.vercel.app/trips/europe-rock-climbing-trip/margalef,redirect-candidate-needs-validation,yes,historical-equivalent-variant,,,,,,true,path-listed-target-needs-content-check,
2026-09-15T18:48:25Z,https://rockbusters.net/event-date/climbing-trip-europe--2018-10-06-166,/event-date/climbing-trip-europe--2018-10-06-166,old-sitemap,/trips/europe-rock-climbing-trip/rodellar,https://rb-github.vercel.app/trips/europe-rock-climbing-trip/rodellar,redirect-candidate-needs-validation,yes,historical-equivalent-variant,,,,,,true,path-listed-target-needs-content-check,
2026-09-15T18:48:25Z,https://rockbusters.net/event-date/deep-water-solo-mallorca--2018-10-20-175,/event-date/deep-water-solo-mallorca--2018-10-20-175,old-sitemap,/trips/deep-water-solo-mallorca/mallorca,https://rb-github.vercel.app/trips/deep-water-solo-mallorca/mallorca,redirect-candidate-needs-validation,yes,historical-equivalent-variant,,,,,,true,path-listed-target-needs-content-check,
2026-09-15T18:48:25Z,https://rockbusters.net/event-date/deep-water-solo-mallorca--2018-10-27-176,/event-date/deep-water-solo-mallorca--2018-10-27-176,old-sitemap,/trips/deep-water-solo-mallorca/mallorca,https://rb-github.vercel.app/trips/deep-water-solo-mallorca/mallorca,redirect-candidate-needs-validation,yes,historical-equivalent-variant,,,,,,true,path-listed-target-needs-content-check,
2026-09-15T18:48:25Z,https://rockbusters.net/event-date/klemen-becan-performance-coaching-workshop--2018-11-17-187,/event-date/klemen-becan-performance-coaching-workshop--2018-11-17-187,old-sitemap,/trips?category=performance-technique-camps,https://rb-github.vercel.app/trips?category=performance-technique-camps,temporary-date-category-redirect,yes,legacy-date-category-audit,,,,,,false,date-category-production-pending,temporary category fallback for historical Date; not an equivalent occurrence
2026-09-15T18:48:25Z,https://rockbusters.net/event-date/klemen-becan-performance-coaching-workshop--2018-11-17-193,/event-date/klemen-becan-performance-coaching-workshop--2018-11-17-193,old-sitemap,/trips?category=performance-technique-camps,https://rb-github.vercel.app/trips?category=performance-technique-camps,temporary-date-category-redirect,yes,legacy-date-category-audit,,,,,,false,date-category-production-pending,temporary category fallback for historical Date; not an equivalent occurrence
2026-09-15T18:48:25Z,https://rockbusters.net/event-date/klemen-becan-performance-coaching-workshop--2018-11-24-194,/event-date/klemen-becan-performance-coaching-workshop--2018-11-24-194,old-sitemap,/trips?category=performance-technique-camps,https://rb-github.vercel.app/trips?category=performance-technique-camps,temporary-date-category-redirect,yes,legacy-date-category-audit,,,,,,false,date-category-production-pending,temporary category fallback for historical Date; not an equivalent occurrence
2026-09-15T18:48:25Z,https://rockbusters.net/event-date/christmas-climbing-holiday--2018-12-22-185,/event-date/christmas-climbing-holiday--2018-12-22-185,old-sitemap,/trips?category=sport-climbing-holidays,https://rb-github.vercel.app/trips?category=sport-climbing-holidays,temporary-date-category-redirect,yes,legacy-date-category-audit,,,,,,false,date-category-production-pending,temporary category fallback for historical Date; not an equivalent occurrence
2026-09-15T18:48:25Z,https://rockbusters.net/event-date/christmas-climbing-holiday--2018-12-29-186,/event-date/christmas-climbing-holiday--2018-12-29-186,old-sitemap,/trips?category=sport-climbing-holidays,https://rb-github.vercel.app/trips?category=sport-climbing-holidays,temporary-date-category-redirect,yes,legacy-date-category-audit,,,,,,false,date-category-production-pending,temporary category fallback for historical Date; not an equivalent occurrence
2026-09-15T18:48:25Z,https://rockbusters.net/event-date/climbing-trip-spain--2019-03-30-196,/event-date/climbing-trip-spain--2019-03-30-196,old-sitemap,/trips/climbing-trip-spain/sella,https://rb-github.vercel.app/trips/climbing-trip-spain/sella,redirect-candidate-needs-validation,yes,historical-equivalent-variant,,,,,,true,path-listed-target-needs-content-check,
2026-09-15T18:48:25Z,https://rockbusters.net/event-date/climbing-trip-spain--2019-04-06-197,/event-date/climbing-trip-spain--2019-04-06-197,old-sitemap,/trips?category=expeditions,https://rb-github.vercel.app/trips?category=expeditions,temporary-date-category-redirect,yes,legacy-date-category-audit,,,,,,false,date-category-production-pending,temporary category fallback for historical Date; not an equivalent occurrence
2026-09-15T18:48:25Z,https://rockbusters.net/event-date/climbing-trip-spain--2019-04-13-198,/event-date/climbing-trip-spain--2019-04-13-198,old-sitemap,/trips/climbing-trip-spain/margalef,https://rb-github.vercel.app/trips/climbing-trip-spain/margalef,redirect-candidate-needs-validation,yes,historical-equivalent-variant,,,,,,true,path-listed-target-needs-content-check,
2026-09-15T18:48:25Z,https://rockbusters.net/event-date/climbing-trip-spain--2019-04-20-199,/event-date/climbing-trip-spain--2019-04-20-199,old-sitemap,/trips/climbing-trip-spain/siurana,https://rb-github.vercel.app/trips/climbing-trip-spain/siurana,redirect-candidate-needs-validation,yes,historical-equivalent-variant,,,,,,true,path-listed-target-needs-content-check,
2026-09-15T18:48:25Z,https://rockbusters.net/event-date/trad-and-multipitch-climbing--2019-04-27-207,/event-date/trad-and-multipitch-climbing--2019-04-27-207,old-sitemap,/trips?category=trad-multipitch,https://rb-github.vercel.app/trips?category=trad-multipitch,temporary-date-category-redirect,yes,legacy-date-category-audit,,,,,,false,date-category-empty-production-pending,temporary category fallback; category currently has no active trips
2026-09-15T18:48:25Z,https://rockbusters.net/event-date/klemen-becan-performance-coaching-workshop--2019-05-18-204,/event-date/klemen-becan-performance-coaching-workshop--2019-05-18-204,old-sitemap,/trips?category=performance-technique-camps,https://rb-github.vercel.app/trips?category=performance-technique-camps,temporary-date-category-redirect,yes,legacy-date-category-audit,,,,,,false,date-category-production-pending,temporary category fallback for historical Date; not an equivalent occurrence
2026-09-15T18:48:25Z,https://rockbusters.net/event-date/klemen-becan-performance-coaching-workshop--2019-05-18-208,/event-date/klemen-becan-performance-coaching-workshop--2019-05-18-208,old-sitemap,/trips/climbing-technique-mental-coaching/rodellar,https://rb-github.vercel.app/trips/climbing-technique-mental-coaching/rodellar,redirect-candidate-needs-validation,yes,historical-equivalent-variant,,,,,,true,path-listed-target-needs-content-check,
2026-09-15T18:48:25Z,https://rockbusters.net/event-date/klemen-becan-performance-coaching-workshop--2019-05-25-209,/event-date/klemen-becan-performance-coaching-workshop--2019-05-25-209,old-sitemap,/trips?category=performance-technique-camps,https://rb-github.vercel.app/trips?category=performance-technique-camps,temporary-date-category-redirect,yes,legacy-date-category-audit,,,,,,false,date-category-production-pending,temporary category fallback for historical Date; not an equivalent occurrence
2026-09-15T18:48:25Z,https://rockbusters.net/event-date/girls-climbing--2019-06-15-205,/event-date/girls-climbing--2019-06-15-205,old-sitemap,/trips?category=sport-climbing-holidays,https://rb-github.vercel.app/trips?category=sport-climbing-holidays,temporary-date-category-redirect,yes,legacy-date-category-audit,,,,,,false,date-category-production-pending,temporary category fallback for historical Date; not an equivalent occurrence
2026-09-15T18:48:25Z,https://rockbusters.net/event-date/girls-climbing--2019-06-15-210,/event-date/girls-climbing--2019-06-15-210,old-sitemap,/trips?category=sport-climbing-holidays,https://rb-github.vercel.app/trips?category=sport-climbing-holidays,temporary-date-category-redirect,yes,legacy-date-category-audit,,,,,,false,date-category-production-pending,temporary category fallback for historical Date; not an equivalent occurrence
2026-09-15T18:48:25Z,https://rockbusters.net/event-date/girls-climbing--2019-06-22-211,/event-date/girls-climbing--2019-06-22-211,old-sitemap,/trips?category=sport-climbing-holidays,https://rb-github.vercel.app/trips?category=sport-climbing-holidays,temporary-date-category-redirect,yes,legacy-date-category-audit,,,,,,false,date-category-production-pending,temporary category fallback for historical Date; not an equivalent occurrence
2026-09-15T18:48:25Z,https://rockbusters.net/event-date/climbing-trip-europe--2019-08-17-206,/event-date/climbing-trip-europe--2019-08-17-206,old-sitemap,/trips?category=expeditions,https://rb-github.vercel.app/trips?category=expeditions,temporary-date-category-redirect,yes,legacy-date-category-audit,,,,,,false,date-category-production-pending,temporary category fallback for historical Date; not an equivalent occurrence
2026-09-15T18:48:25Z,https://rockbusters.net/location/albarracin,/location/albarracin,old-sitemap,/destinations/albarracin,https://rb-github.vercel.app/destinations/albarracin,redirect-candidate-needs-validation,yes,same-slug-content-record,,,,,,true,path-listed-target-needs-content-check,
2026-09-15T18:48:25Z,https://rockbusters.net/location/arco,/location/arco,old-sitemap,/destinations/arco,https://rb-github.vercel.app/destinations/arco,redirect-candidate-needs-validation,yes,same-slug-content-record,,,,,,true,path-listed-target-needs-content-check,
2026-09-15T18:48:25Z,https://rockbusters.net/location/cesky-raj,/location/cesky-raj,old-sitemap,/destinations/cesky-raj,https://rb-github.vercel.app/destinations/cesky-raj,redirect-candidate-needs-validation,yes,same-slug-content-record,,,,,,true,path-listed-target-needs-content-check,
2026-09-15T18:48:25Z,https://rockbusters.net/location/ceuse,/location/ceuse,old-sitemap,/destinations/ceuse,https://rb-github.vercel.app/destinations/ceuse,redirect-candidate-needs-validation,yes,same-slug-content-record,,,,,,true,path-listed-target-needs-content-check,
2026-09-15T18:48:25Z,https://rockbusters.net/location/chamonix,/location/chamonix,old-sitemap,/destinations/chamonix,https://rb-github.vercel.app/destinations/chamonix,redirect-candidate-needs-validation,yes,same-slug-content-record,,,,,,true,path-listed-target-needs-content-check,
2026-09-15T18:48:25Z,https://rockbusters.net/location/cuenca,/location/cuenca,old-sitemap,/destinations/cuenca,https://rb-github.vercel.app/destinations/cuenca,redirect-candidate-needs-validation,yes,same-slug-content-record,,,,,,true,path-listed-target-needs-content-check,
2026-09-15T18:48:25Z,https://rockbusters.net/location/durance-valley-hautes-alps,/location/durance-valley-hautes-alps,old-sitemap,/destinations/durance-valley-hautes-alps,https://rb-github.vercel.app/destinations/durance-valley-hautes-alps,redirect-candidate-needs-validation,yes,same-slug-content-record,,,,,,true,path-listed-target-needs-content-check,
2026-09-15T18:48:25Z,https://rockbusters.net/location/el-chorro,/location/el-chorro,old-sitemap,/destinations/el-chorro,https://rb-github.vercel.app/destinations/el-chorro,redirect-candidate-needs-validation,yes,same-slug-content-record,,,,,,true,path-listed-target-needs-content-check,
2026-09-15T18:48:25Z,https://rockbusters.net/location/etxauri,/location/etxauri,old-sitemap,/destinations/etxauri,https://rb-github.vercel.app/destinations/etxauri,redirect-candidate-needs-validation,yes,same-slug-content-record,,,,,,true,path-listed-target-needs-content-check,
2026-09-15T18:48:25Z,https://rockbusters.net/location/finale-ligure,/location/finale-ligure,old-sitemap,/destinations/finale-ligure,https://rb-github.vercel.app/destinations/finale-ligure,redirect-candidate-needs-validation,yes,same-slug-content-record,,,,,,true,path-listed-target-needs-content-check,
2026-09-15T18:48:25Z,https://rockbusters.net/location/frankenjura,/location/frankenjura,old-sitemap,/destinations/frankenjura,https://rb-github.vercel.app/destinations/frankenjura,redirect-candidate-needs-validation,yes,same-slug-content-record,,,,,,true,path-listed-target-needs-content-check,
2026-09-15T18:48:25Z,https://rockbusters.net/location/gorge-de-la-jonte,/location/gorge-de-la-jonte,old-sitemap,/destinations/gorge-de-la-jonte,https://rb-github.vercel.app/destinations/gorge-de-la-jonte,redirect-candidate-needs-validation,yes,same-slug-content-record,,,,,,true,path-listed-target-needs-content-check,
2026-09-15T18:48:25Z,https://rockbusters.net/location/gorges-du-tarn,/location/gorges-du-tarn,old-sitemap,/destinations/gorges-du-tarn,https://rb-github.vercel.app/destinations/gorges-du-tarn,redirect-candidate-needs-validation,yes,same-slug-content-record,,,,,,true,path-listed-target-needs-content-check,
2026-09-15T18:48:25Z,https://rockbusters.net/location/gorges-du-verdon,/location/gorges-du-verdon,old-sitemap,/destinations/gorges-du-verdon,https://rb-github.vercel.app/destinations/gorges-du-verdon,redirect-candidate-needs-validation,yes,same-slug-content-record,,,,,,true,path-listed-target-needs-content-check,
2026-09-15T18:48:25Z,https://rockbusters.net/location/gran-canaria,/location/gran-canaria,old-sitemap,/destinations/gran-canaria,https://rb-github.vercel.app/destinations/gran-canaria,redirect-candidate-needs-validation,yes,same-slug-content-record,,,,,,true,path-listed-target-needs-content-check,
2026-09-15T18:48:25Z,https://rockbusters.net/location/kalymnos,/location/kalymnos,old-sitemap,/destinations/kalymnos,https://rb-github.vercel.app/destinations/kalymnos,redirect-candidate-needs-validation,yes,same-slug-content-record,,,,,,true,path-listed-target-needs-content-check,
2026-09-15T18:48:25Z,https://rockbusters.net/location/labske-udoli,/location/labske-udoli,old-sitemap,/destinations/labske-udoli,https://rb-github.vercel.app/destinations/labske-udoli,redirect-candidate-needs-validation,yes,same-slug-content-record,,,,,,true,path-listed-target-needs-content-check,
2026-09-15T18:48:25Z,https://rockbusters.net/location/les-calanques-de-marseille,/location/les-calanques-de-marseille,old-sitemap,/destinations/les-calanques-de-marseille,https://rb-github.vercel.app/destinations/les-calanques-de-marseille,redirect-candidate-needs-validation,yes,same-slug-content-record,,,,,,true,path-listed-target-needs-content-check,
2026-09-15T18:48:25Z,https://rockbusters.net/location/mallorca,/location/mallorca,old-sitemap,/destinations/mallorca,https://rb-github.vercel.app/destinations/mallorca,redirect-candidate-needs-validation,yes,same-slug-content-record,,,,,,true,path-listed-target-needs-content-check,
2026-09-15T18:48:25Z,https://rockbusters.net/location/malta,/location/malta,old-sitemap,/destinations/malta,https://rb-github.vercel.app/destinations/malta,redirect-candidate-needs-validation,yes,same-slug-content-record,,,,,,true,path-listed-target-needs-content-check,
2026-09-15T18:48:25Z,https://rockbusters.net/location/margalef,/location/margalef,old-sitemap,/destinations/margalef,https://rb-github.vercel.app/destinations/margalef,redirect-candidate-needs-validation,yes,same-slug-content-record,,,,,,true,path-listed-target-needs-content-check,
2026-09-15T18:48:25Z,https://rockbusters.net/location/monobloc-reus-spain,/location/monobloc-reus-spain,old-sitemap,/destinations/monobloc-reus-spain,https://rb-github.vercel.app/destinations/monobloc-reus-spain,redirect-candidate-needs-validation,yes,same-slug-content-record,,,,,,true,path-listed-target-needs-content-check,
2026-09-15T18:48:25Z,https://rockbusters.net/location/montgrony,/location/montgrony,old-sitemap,/destinations/montgrony,https://rb-github.vercel.app/destinations/montgrony,redirect-candidate-needs-validation,yes,same-slug-content-record,,,,,,true,path-listed-target-needs-content-check,
2026-09-15T18:48:25Z,https://rockbusters.net/location/oliana,/location/oliana,old-sitemap,/destinations/oliana,https://rb-github.vercel.app/destinations/oliana,redirect-candidate-needs-validation,yes,same-slug-content-record,,,,,,true,path-listed-target-needs-content-check,
2026-09-15T18:48:25Z,https://rockbusters.net/location/riglos,/location/riglos,old-sitemap,/destinations/riglos,https://rb-github.vercel.app/destinations/riglos,redirect-candidate-needs-validation,yes,same-slug-content-record,,,,,,true,path-listed-target-needs-content-check,
2026-09-15T18:48:25Z,https://rockbusters.net/location/rodellar,/location/rodellar,old-sitemap,/destinations/rodellar,https://rb-github.vercel.app/destinations/rodellar,redirect-candidate-needs-validation,yes,same-slug-content-record,,,,,,true,path-listed-target-needs-content-check,
2026-09-15T18:48:25Z,https://rockbusters.net/location/sella,/location/sella,old-sitemap,/destinations/sella,https://rb-github.vercel.app/destinations/sella,redirect-candidate-needs-validation,yes,same-slug-content-record,,,,,,true,path-listed-target-needs-content-check,
2026-09-15T18:48:25Z,https://rockbusters.net/location/siurana,/location/siurana,old-sitemap,/destinations/siurana,https://rb-github.vercel.app/destinations/siurana,redirect-candidate-needs-validation,yes,same-slug-content-record,,,,,,true,path-listed-target-needs-content-check,
2026-09-15T18:48:25Z,https://rockbusters.net/location/terradets,/location/terradets,old-sitemap,/destinations/terradets,https://rb-github.vercel.app/destinations/terradets,redirect-candidate-needs-validation,yes,same-slug-content-record,,,,,,true,path-listed-target-needs-content-check,
2026-09-15T18:48:25Z,https://rockbusters.net/location/val-di-mello,/location/val-di-mello,old-sitemap,/destinations/val-di-mello,https://rb-github.vercel.app/destinations/val-di-mello,redirect-candidate-needs-validation,yes,same-slug-content-record,,,,,,true,path-listed-target-needs-content-check,
2026-09-15T18:48:25Z,https://rockbusters.net/location/valdegovia,/location/valdegovia,old-sitemap,/destinations/valdegovia,https://rb-github.vercel.app/destinations/valdegovia,redirect-candidate-needs-validation,yes,same-slug-content-record,,,,,,true,path-listed-target-needs-content-check,
2026-09-15T18:48:25Z,https://rockbusters.net/location/zillertal,/location/zillertal,old-sitemap,/destinations/zillertal,https://rb-github.vercel.app/destinations/zillertal,redirect-candidate-needs-validation,yes,same-slug-content-record,,,,,,true,path-listed-target-needs-content-check,
2026-09-15T18:48:25Z,https://rockbusters.net/team-member/jan-novotny,/team-member/jan-novotny,old-sitemap,/team/jan-novotny,https://rb-github.vercel.app/team/jan-novotny,redirect-candidate-needs-validation,yes,same-slug-content-record,,,,,,true,path-listed-target-needs-content-check,
2026-09-15T18:48:25Z,https://rockbusters.net/team-member/laszlo-juhasz,/team-member/laszlo-juhasz,old-sitemap,/team/laszlo-juhasz,https://rb-github.vercel.app/team/laszlo-juhasz,redirect-candidate-needs-validation,yes,same-slug-content-record,,,,,,true,path-listed-target-needs-content-check,
2026-09-15T18:48:25Z,https://rockbusters.net/team-member/pablo-ruiz-seco,/team-member/pablo-ruiz-seco,old-sitemap,/team/pablo-ruiz-seco,https://rb-github.vercel.app/team/pablo-ruiz-seco,redirect-candidate-needs-validation,yes,same-slug-content-record,,,,,,true,path-listed-target-needs-content-check,
2026-09-15T18:48:25Z,https://rockbusters.net/team-member/ritch-mayfield,/team-member/ritch-mayfield,old-sitemap,/team,https://rb-github.vercel.app/team,redirect-candidate-needs-validation,yes,reviewed-team-index-fallback,,,,,,true,target-200-self-canonical,
2026-09-15T18:48:25Z,https://rockbusters.net/team-member/petra-pivonkova,/team-member/petra-pivonkova,old-sitemap,/team/petra-pivonkova,https://rb-github.vercel.app/team/petra-pivonkova,redirect-candidate-needs-validation,yes,same-slug-content-record,,,,,,true,path-listed-target-needs-content-check,
2026-09-15T18:48:25Z,https://rockbusters.net/team-member/maribel-vara,/team-member/maribel-vara,old-sitemap,/team,https://rb-github.vercel.app/team,redirect-candidate-needs-validation,yes,reviewed-team-index-fallback,,,,,,true,target-200-self-canonical,
2026-09-15T18:48:25Z,https://rockbusters.net/team-member/adam-ondra-pro-climber,/team-member/adam-ondra-pro-climber,old-sitemap,/team/adam-ondra-pro-climber,https://rb-github.vercel.app/team/adam-ondra-pro-climber,redirect-candidate-needs-validation,yes,same-slug-content-record,,,,,,true,path-listed-target-needs-content-check,
2026-09-15T18:48:25Z,https://rockbusters.net/team-member/patxi-usobiaga-pro-climber,/team-member/patxi-usobiaga-pro-climber,old-sitemap,/team/patxi-usobiaga-pro-climber,https://rb-github.vercel.app/team/patxi-usobiaga-pro-climber,redirect-candidate-needs-validation,yes,same-slug-content-record,,,,,,true,path-listed-target-needs-content-check,
2026-09-15T18:48:25Z,https://rockbusters.net/team-member/pablo-scorza-fyziotherapist-biomechanica-funcional,/team-member/pablo-scorza-fyziotherapist-biomechanica-funcional,old-sitemap,/team/pablo-scorza-fyziotherapist-biomechanica-funcional,https://rb-github.vercel.app/team/pablo-scorza-fyziotherapist-biomechanica-funcional,redirect-candidate-needs-validation,yes,same-slug-content-record,,,,,,true,path-listed-target-needs-content-check,
2026-09-15T18:48:25Z,https://rockbusters.net/team-member/berengere-rapeneau,/team-member/berengere-rapeneau,old-sitemap,/team/berengere-rapeneau,https://rb-github.vercel.app/team/berengere-rapeneau,redirect-candidate-needs-validation,yes,same-slug-content-record,,,,,,true,path-listed-target-needs-content-check,
2026-09-15T18:48:25Z,https://rockbusters.net/team-member/hazel-findlay,/team-member/hazel-findlay,old-sitemap,/team/hazel-findlay,https://rb-github.vercel.app/team/hazel-findlay,redirect-candidate-needs-validation,yes,same-slug-content-record,,,,,,true,path-listed-target-needs-content-check,
2026-09-15T18:48:25Z,https://rockbusters.net/team-member/will-sim,/team-member/will-sim,old-sitemap,/team,https://rb-github.vercel.app/team,redirect-candidate-needs-validation,yes,reviewed-team-index-fallback,,,,,,true,target-200-self-canonical,
2026-09-15T18:48:25Z,https://rockbusters.net/team-member/klemen-becan,/team-member/klemen-becan,old-sitemap,/team/klemen-becan,https://rb-github.vercel.app/team/klemen-becan,redirect-candidate-needs-validation,yes,same-slug-content-record,,,,,,true,path-listed-target-needs-content-check,
2026-09-15T18:48:25Z,https://rockbusters.net/team-member/michelle-o-loughlin,/team-member/michelle-o-loughlin,old-sitemap,/team,https://rb-github.vercel.app/team,redirect-candidate-needs-validation,yes,reviewed-team-index-fallback,,,,,,true,target-200-self-canonical,
2026-09-15T18:48:25Z,https://rockbusters.net/team-member/pavel-ryva,/team-member/pavel-ryva,old-sitemap,/team/pavel-ryva,https://rb-github.vercel.app/team/pavel-ryva,redirect-candidate-needs-validation,yes,same-slug-content-record,,,,,,true,path-listed-target-needs-content-check,
2026-09-15T18:48:25Z,https://rockbusters.net/team-member/benjamin-brochard,/team-member/benjamin-brochard,old-sitemap,/team,https://rb-github.vercel.app/team,redirect-candidate-needs-validation,yes,reviewed-team-index-fallback,,,,,,true,target-200-self-canonical,
2026-09-15T18:48:25Z,https://rockbusters.net/team-member/linda-synakova,/team-member/linda-synakova,old-sitemap,/team/linda-synakova,https://rb-github.vercel.app/team/linda-synakova,redirect-candidate-needs-validation,yes,same-slug-content-record,,,,,,true,path-listed-target-needs-content-check,
2026-09-15T18:48:25Z,https://rockbusters.net/blog/climber-performance-rating,/blog/climber-performance-rating,old-sitemap,/blog/climber-performance-rating,https://rb-github.vercel.app/blog/climber-performance-rating,retain-same-path,no,same-listed-path,,,,,,true,path-listed-target-needs-content-check,
2026-09-15T18:48:25Z,https://rockbusters.net/blog/adam-ondra-teaches-epictv-climbing-presenter-how-to-climb-in-margalef,/blog/adam-ondra-teaches-epictv-climbing-presenter-how-to-climb-in-margalef,old-sitemap,/blog/adam-ondra-teaches-epictv-climbing-presenter-how-to-climb-in-margalef,https://rb-github.vercel.app/blog/adam-ondra-teaches-epictv-climbing-presenter-how-to-climb-in-margalef,retain-same-path,no,same-listed-path,,,,,,true,path-listed-target-needs-content-check,
2026-09-15T18:48:25Z,https://rockbusters.net/blog/video-pete-whittaker-climbing-el-capitan-rope-free-solo-in-under-24h,/blog/video-pete-whittaker-climbing-el-capitan-rope-free-solo-in-under-24h,old-sitemap,/blog/video-pete-whittaker-climbing-el-capitan-rope-free-solo-in-under-24h,https://rb-github.vercel.app/blog/video-pete-whittaker-climbing-el-capitan-rope-free-solo-in-under-24h,retain-same-path,no,same-listed-path,,,,,,true,path-listed-target-needs-content-check,
2026-09-15T18:48:25Z,https://rockbusters.net/blog/edu-marin-bolts-the-biggest-roof-climb-in-the-world,/blog/edu-marin-bolts-the-biggest-roof-climb-in-the-world,old-sitemap,/blog/edu-marin-bolts-the-biggest-roof-climb-in-the-world,https://rb-github.vercel.app/blog/edu-marin-bolts-the-biggest-roof-climb-in-the-world,retain-same-path,no,same-listed-path,,,,,,true,path-listed-target-needs-content-check,
2026-09-15T18:48:25Z,https://rockbusters.net/blog/epictv-climbing-daily-rockbusters-physiotherapists-pablo-scorza-margalef,/blog/epictv-climbing-daily-rockbusters-physiotherapists-pablo-scorza-margalef,old-sitemap,/blog/epictv-climbing-daily-rockbusters-physiotherapists-pablo-scorza-margalef,https://rb-github.vercel.app/blog/epictv-climbing-daily-rockbusters-physiotherapists-pablo-scorza-margalef,retain-same-path,no,same-listed-path,,,,,,true,path-listed-target-needs-content-check,
2026-09-15T18:48:25Z,https://rockbusters.net/blog/klemen-becan-from-competitions-to-the-hardest-rock-climbing,/blog/klemen-becan-from-competitions-to-the-hardest-rock-climbing,old-sitemap,/blog/klemen-becan-from-competitions-to-the-hardest-rock-climbing,https://rb-github.vercel.app/blog/klemen-becan-from-competitions-to-the-hardest-rock-climbing,retain-same-path,no,same-listed-path,,,,,,true,path-listed-target-needs-content-check,
2026-09-15T18:48:25Z,https://rockbusters.net/blog/patxi-usobiaga-climbing-pachamama-9a-b,/blog/patxi-usobiaga-climbing-pachamama-9a-b,old-sitemap,/blog/patxi-usobiaga-climbing-pachamama-9a-b,https://rb-github.vercel.app/blog/patxi-usobiaga-climbing-pachamama-9a-b,retain-same-path,no,same-listed-path,,,,,,true,path-listed-target-needs-content-check,
2026-09-15T18:48:25Z,https://rockbusters.net/blog/27crags-from-passion-for-climbing-to-building-a-company,/blog/27crags-from-passion-for-climbing-to-building-a-company,old-sitemap,/blog/27crags-from-passion-for-climbing-to-building-a-company,https://rb-github.vercel.app/blog/27crags-from-passion-for-climbing-to-building-a-company,retain-same-path,no,same-listed-path,,,,,,true,path-listed-target-needs-content-check,
2026-09-15T18:48:25Z,https://rockbusters.net/blog/hard-projecting-with-paul-robinson-jumpman-v14-8b,/blog/hard-projecting-with-paul-robinson-jumpman-v14-8b,old-sitemap,/blog/hard-projecting-with-paul-robinson-jumpman-v14-8b,https://rb-github.vercel.app/blog/hard-projecting-with-paul-robinson-jumpman-v14-8b,retain-same-path,no,same-listed-path,,,,,,true,path-listed-target-needs-content-check,
2026-09-15T18:48:25Z,https://rockbusters.net/blog/movie-trailer-the-dawn-wall-with-tommy-caldwell-and-kevin-jorgeson,/blog/movie-trailer-the-dawn-wall-with-tommy-caldwell-and-kevin-jorgeson,old-sitemap,/blog/movie-trailer-the-dawn-wall-with-tommy-caldwell-and-kevin-jorgeson,https://rb-github.vercel.app/blog/movie-trailer-the-dawn-wall-with-tommy-caldwell-and-kevin-jorgeson,retain-same-path,no,same-listed-path,,,,,,true,path-listed-target-needs-content-check,
2026-09-15T18:48:25Z,https://rockbusters.net/blog/the-benefits-of-pro-climbers-coaching,/blog/the-benefits-of-pro-climbers-coaching,old-sitemap,/blog/the-benefits-of-pro-climbers-coaching,https://rb-github.vercel.app/blog/the-benefits-of-pro-climbers-coaching,retain-same-path,no,same-listed-path,,,,,,true,path-listed-target-needs-content-check,
2026-09-15T18:48:25Z,https://rockbusters.net/blog/adam-ondra-silence,/blog/adam-ondra-silence,old-sitemap,/blog/adam-ondra-silence,https://rb-github.vercel.app/blog/adam-ondra-silence,retain-same-path,no,same-listed-path,,,,,,true,path-listed-target-needs-content-check,
2026-09-15T18:48:25Z,https://rockbusters.net/blog/whats-europes-best-bouldering-destination,/blog/whats-europes-best-bouldering-destination,old-sitemap,/blog/whats-europes-best-bouldering-destination,https://rb-github.vercel.app/blog/whats-europes-best-bouldering-destination,retain-same-path,no,same-listed-path,,,,,,true,path-listed-target-needs-content-check,
2026-09-15T18:48:25Z,https://rockbusters.net/blog/category/promo,/blog/category/promo,old-sitemap,/blog/category/promo,https://rb-github.vercel.app/blog/category/promo,retain-same-path,no,same-listed-path,,,,,,true,path-listed-target-needs-content-check,
2026-09-15T18:48:25Z,https://rockbusters.net/blog/category/guest-post,/blog/category/guest-post,old-sitemap,/blog/category/guest-post,https://rb-github.vercel.app/blog/category/guest-post,retain-same-path,no,same-listed-path,,,,,,true,path-listed-target-needs-content-check,
2026-09-15T18:48:25Z,https://rockbusters.net/blog/category/collaboration,/blog/category/collaboration,old-sitemap,/blog/category/collaboration,https://rb-github.vercel.app/blog/category/collaboration,retain-same-path,no,same-listed-path,,,,,,true,path-listed-target-needs-content-check,
2026-09-15T18:48:25Z,https://rockbusters.net/blog/category/climbing-destinations,/blog/category/climbing-destinations,old-sitemap,/blog/category/climbing-destinations,https://rb-github.vercel.app/blog/category/climbing-destinations,retain-same-path,no,same-listed-path,,,,,,true,path-listed-target-needs-content-check,
2026-09-15T18:48:25Z,https://rockbusters.net/blog/category/trad-climbing,/blog/category/trad-climbing,old-sitemap,/blog/category/trad-climbing,https://rb-github.vercel.app/blog/category/trad-climbing,retain-same-path,no,same-listed-path,,,,,,true,path-listed-target-needs-content-check,
2026-09-15T18:48:25Z,https://rockbusters.net/blog/category/bouldering,/blog/category/bouldering,old-sitemap,/blog/category/bouldering,https://rb-github.vercel.app/blog/category/bouldering,retain-same-path,no,same-path-existing-empty-category,,,,,,true,target-200-self-canonical,
2026-09-15T18:48:25Z,https://rockbusters.net/blog/category/sport-climbing,/blog/category/sport-climbing,old-sitemap,/blog/category/sport-climbing,https://rb-github.vercel.app/blog/category/sport-climbing,retain-same-path,no,same-listed-path,,,,,,true,path-listed-target-needs-content-check,
2026-09-15T18:48:25Z,https://rockbusters.net/blog/category/video,/blog/category/video,old-sitemap,/blog/category/video,https://rb-github.vercel.app/blog/category/video,retain-same-path,no,same-path-existing-empty-category,,,,,,true,target-200-self-canonical,
2026-09-15T18:48:25Z,https://rockbusters.net/event-date/beginners-climbing--2018-07-07-167,/event-date/beginners-climbing--2018-07-07-167,old-sitemap,/trips?category=sport-climbing-courses,https://rb-github.vercel.app/trips?category=sport-climbing-courses,temporary-date-category-redirect,yes,legacy-date-category-audit,,,,,,false,date-category-production-pending,temporary category fallback for historical Date; not an equivalent occurrence
2026-09-15T18:48:25Z,https://rockbusters.net/event/singing-rock-mobile-test-center,/event/singing-rock-mobile-test-center,old-sitemap,/trips,https://rb-github.vercel.app/trips,approved-trips-fallback-redirect,yes,user-approved-trips-fallback,events/singing-rock-mobile-test-center,draft,excluded-legacy-campaign,,,true,trips-fallback-production-pending,Broad trip-catalogue fallback; verify migrated legacy-host route
2026-09-15T18:48:25Z,https://rockbusters.net/event/beginners-climbing,/event/beginners-climbing,old-sitemap,/trips/beginner-climbing-course,https://rb-github.vercel.app/trips/beginner-climbing-course,approved-event-page-redirect,yes,user-approved-event-page,,,,,,false,approved-event-page-production-pending,Published Event target; absent from saved new sitemap; verify live route and robots
2026-09-15T18:48:25Z,https://rockbusters.net/event/bouldering-albarracin,/event/bouldering-albarracin,old-sitemap,/trips/bouldering-albarracin,https://rb-github.vercel.app/trips/bouldering-albarracin,redirect-candidate-needs-validation,yes,verified-tier1-identity,,,,,,true,path-listed-target-needs-content-check,
2026-09-15T18:48:25Z,https://rockbusters.net/event/trad-and-multipitch-climbing,/event/trad-and-multipitch-climbing,old-sitemap,/trips/multipitch-climbing-course,https://rb-github.vercel.app/trips/multipitch-climbing-course,approved-event-page-redirect,yes,user-approved-event-page,,,,,,false,approved-event-page-production-pending,Published Event target; absent from saved new sitemap; verify live route and robots
2026-09-15T18:48:25Z,https://rockbusters.net/event/sandstone-climbing,/event/sandstone-climbing,old-sitemap,/trips/sandstone-climbing,https://rb-github.vercel.app/trips/sandstone-climbing,approved-event-page-redirect,yes,user-approved-event-page,,,,,,false,approved-event-page-production-pending,Published Event target; absent from saved new sitemap; verify live route and robots
2026-09-15T18:48:25Z,https://rockbusters.net/event/climbing-coaching-on-sight-red-point,/event/climbing-coaching-on-sight-red-point,old-sitemap,/trips/climbing-coaching-on-sight-red-point,https://rb-github.vercel.app/trips/climbing-coaching-on-sight-red-point,approved-event-page-redirect,yes,user-approved-event-page,,,,,,false,approved-event-page-production-pending,Published Event target; absent from saved new sitemap; verify live route and robots
2026-09-15T18:48:25Z,https://rockbusters.net/event/climbing-coaching-footwork-balance,/event/climbing-coaching-footwork-balance,old-sitemap,/trips/climbing-coaching-footwork-balance,https://rb-github.vercel.app/trips/climbing-coaching-footwork-balance,approved-event-page-redirect,yes,user-approved-event-page,,,,,,false,approved-event-page-production-pending,Published Event target; absent from saved new sitemap; verify live route and robots
2026-09-15T18:48:25Z,https://rockbusters.net/event/climbing-coaching-overhangs,/event/climbing-coaching-overhangs,old-sitemap,/trips/climbing-coaching-overhangs,https://rb-github.vercel.app/trips/climbing-coaching-overhangs,approved-event-page-redirect,yes,user-approved-event-page,,,,,,false,approved-event-page-production-pending,Published Event target; absent from saved new sitemap; verify live route and robots
2026-09-15T18:48:25Z,https://rockbusters.net/event/climbing-weekends,/event/climbing-weekends,old-sitemap,/trips?category=sport-climbing-holidays,https://rb-github.vercel.app/trips?category=sport-climbing-holidays,temporary-category-redirect,yes,browser-verified-category-fallback,events/climbing-weekends,draft,needs-current-offer-review,47,2026-09-15T19:01:15Z,false,filter-200-nonempty-redirect-not-live,temporary browsing fallback; not an equivalent Event page; revisit after editorial review
2026-09-15T18:48:25Z,https://rockbusters.net/event/christmas-climbing-holiday,/event/christmas-climbing-holiday,old-sitemap,/trips?category=sport-climbing-holidays,https://rb-github.vercel.app/trips?category=sport-climbing-holidays,temporary-category-redirect,yes,browser-verified-category-fallback,events/christmas-climbing-holiday,draft,needs-current-offer-review,47,2026-09-15T19:01:15Z,false,filter-200-nonempty-redirect-not-live,temporary browsing fallback; not an equivalent Event page; revisit after editorial review
2026-09-15T18:48:25Z,https://rockbusters.net/event/easter-climbing-in-sella,/event/easter-climbing-in-sella,old-sitemap,/trips?category=sport-climbing-holidays,https://rb-github.vercel.app/trips?category=sport-climbing-holidays,temporary-category-redirect,yes,browser-verified-category-fallback,events/easter-climbing-in-sella,draft,needs-current-offer-review,47,2026-09-15T19:01:15Z,false,filter-200-nonempty-redirect-not-live,temporary browsing fallback; not an equivalent Event page; revisit after editorial review
2026-09-15T18:48:25Z,https://rockbusters.net/event/rockbusters-climbing-express,/event/rockbusters-climbing-express,old-sitemap,/trips,https://rb-github.vercel.app/trips,approved-trips-fallback-redirect,yes,user-approved-trips-fallback,events/rockbusters-climbing-express,draft,needs-current-offer-review,,,true,trips-fallback-production-pending,Broad trip-catalogue fallback; verify migrated legacy-host route
2026-09-15T18:48:25Z,https://rockbusters.net/event/climbing-trip-spain,/event/climbing-trip-spain,old-sitemap,/trips/climbing-trip-spain,https://rb-github.vercel.app/trips/climbing-trip-spain,redirect-candidate-needs-validation,yes,verified-tier1-identity,,,,,,true,path-listed-target-needs-content-check,
2026-09-15T18:48:25Z,https://rockbusters.net/event/rockbusters-private-guiding,/event/rockbusters-private-guiding,old-sitemap,/trips,https://rb-github.vercel.app/trips,approved-trips-fallback-redirect,yes,user-approved-trips-fallback,events/rockbusters-private-guiding,draft,needs-current-offer-review,,,true,trips-fallback-production-pending,Broad trip-catalogue fallback; verify migrated legacy-host route
2026-09-15T18:48:25Z,https://rockbusters.net/event/adam-ondra-on-sight-red-point,/event/adam-ondra-on-sight-red-point,old-sitemap,/trips/adam-ondra-on-sight-red-point,https://rb-github.vercel.app/trips/adam-ondra-on-sight-red-point,approved-event-page-redirect,yes,user-approved-event-page,,,,,,false,approved-event-page-production-pending,Published Event target; absent from saved new sitemap; verify live route and robots
2026-09-15T18:48:25Z,https://rockbusters.net/event/patxi-usobiaga-training,/event/patxi-usobiaga-training,old-sitemap,/trips/patxi-usobiaga-training,https://rb-github.vercel.app/trips/patxi-usobiaga-training,approved-event-page-redirect,yes,user-approved-event-page,,,,,,false,approved-event-page-production-pending,Published Event target; absent from saved new sitemap; verify live route and robots
2026-09-15T18:48:25Z,https://rockbusters.net/event/biomechanica-funcional,/event/biomechanica-funcional,old-sitemap,/trips?category=performance-technique-camps,https://rb-github.vercel.app/trips?category=performance-technique-camps,temporary-category-redirect,yes,browser-verified-category-fallback,events/biomechanica-funcional,draft,needs-current-offer-review,8,2026-09-15T19:01:15Z,false,filter-200-nonempty-redirect-not-live,temporary browsing fallback; not an equivalent Event page; revisit after editorial review
2026-09-15T18:48:25Z,https://rockbusters.net/event/adam-ondra-patxi-usobiaga-work-shop,/event/adam-ondra-patxi-usobiaga-work-shop,old-sitemap,/trips?category=performance-technique-camps,https://rb-github.vercel.app/trips?category=performance-technique-camps,temporary-category-redirect,yes,browser-verified-category-fallback,events/adam-ondra-patxi-usobiaga-work-shop,draft,needs-current-offer-review,8,2026-09-15T19:01:15Z,false,filter-200-nonempty-redirect-not-live,temporary browsing fallback; not an equivalent Event page; revisit after editorial review
2026-09-15T18:48:25Z,https://rockbusters.net/event/daila-ojeda-climbing-work-shop,/event/daila-ojeda-climbing-work-shop,old-sitemap,/trips?category=performance-technique-camps,https://rb-github.vercel.app/trips?category=performance-technique-camps,temporary-category-redirect,yes,browser-verified-category-fallback,events/daila-ojeda-climbing-work-shop,draft,needs-current-offer-review,8,2026-09-15T19:01:15Z,false,filter-200-nonempty-redirect-not-live,temporary browsing fallback; not an equivalent Event page; revisit after editorial review
2026-09-15T18:48:25Z,https://rockbusters.net/event/hazel-findlay-mental-coaching,/event/hazel-findlay-mental-coaching,old-sitemap,/trips/hazel-findlay-mental-coaching,https://rb-github.vercel.app/trips/hazel-findlay-mental-coaching,approved-event-page-redirect,yes,user-approved-event-page,,,,,,false,approved-event-page-production-pending,Published Event target; absent from saved new sitemap; verify live route and robots
2026-09-15T18:48:25Z,https://rockbusters.net/event/alpine-rock-climbing-in-chamonix,/event/alpine-rock-climbing-in-chamonix,old-sitemap,/trips/big-wall-climbing-in-chamonix,https://rb-github.vercel.app/trips/big-wall-climbing-in-chamonix,approved-event-page-redirect,yes,user-approved-event-page,events/big-wall-climbing-in-chamonix,published,approved-content-only-parent,,,false,approved-event-page-production-pending,Published Event target; absent from saved new sitemap; verify live route and robots
2026-09-15T18:48:25Z,https://rockbusters.net/event/klemen-becan-performance-coaching-workshop,/event/klemen-becan-performance-coaching-workshop,old-sitemap,/trips/climbing-technique-mental-coaching,https://rb-github.vercel.app/trips/climbing-technique-mental-coaching,redirect-candidate-needs-validation,yes,verified-tier1-identity,,,,,,true,path-listed-target-needs-content-check,
2026-09-15T18:48:25Z,https://rockbusters.net/event/klemen-becan-performance-coaching-privat,/event/klemen-becan-performance-coaching-privat,old-sitemap,/trips,https://rb-github.vercel.app/trips,approved-trips-fallback-redirect,yes,user-approved-trips-fallback,events/klemen-becan-performance-coaching-privat,draft,needs-current-offer-review,,,true,trips-fallback-production-pending,Broad trip-catalogue fallback; verify migrated legacy-host route
2026-09-15T18:48:25Z,https://rockbusters.net/event/deep-water-solo-sailing-mallorca,/event/deep-water-solo-sailing-mallorca,old-sitemap,/trips?category=sport-climbing-holidays,https://rb-github.vercel.app/trips?category=sport-climbing-holidays,temporary-category-redirect,yes,browser-verified-category-fallback,events/deep-water-solo-sailing-mallorca,draft,needs-current-offer-review,47,2026-09-15T19:01:15Z,false,filter-200-nonempty-redirect-not-live,temporary browsing fallback; not an equivalent Event page; revisit after editorial review
2026-09-15T18:48:25Z,https://rockbusters.net/event/rockbusters-summer-2018,/event/rockbusters-summer-2018,old-sitemap,/trips,https://rb-github.vercel.app/trips,approved-trips-fallback-redirect,yes,user-approved-trips-fallback,events/rockbusters-summer-2018,draft,excluded-legacy-campaign,,,true,trips-fallback-production-pending,Broad trip-catalogue fallback; verify migrated legacy-host route
2026-09-15T18:48:25Z,https://rockbusters.net/event-date/klemen-becan-performance-coaching-workshop--2018-07-14-203,/event-date/klemen-becan-performance-coaching-workshop--2018-07-14-203,old-sitemap,/trips?category=performance-technique-camps,https://rb-github.vercel.app/trips?category=performance-technique-camps,temporary-date-category-redirect,yes,legacy-date-category-audit,,,,,,false,date-category-production-pending,temporary category fallback for historical Date; not an equivalent occurrence
2026-09-15T18:48:25Z,https://rockbusters.net/event-date/climbing-trip-europe--2018-08-25-183,/event-date/climbing-trip-europe--2018-08-25-183,old-sitemap,/trips?category=expeditions,https://rb-github.vercel.app/trips?category=expeditions,temporary-date-category-redirect,yes,legacy-date-category-audit,,,,,,false,date-category-production-pending,temporary category fallback for historical Date; not an equivalent occurrence
2026-09-15T18:48:25Z,https://rockbusters.net/event-date/sport-climbing--2018-10-06-188,/event-date/sport-climbing--2018-10-06-188,old-sitemap,/trips?category=sport-climbing-holidays,https://rb-github.vercel.app/trips?category=sport-climbing-holidays,temporary-date-category-redirect,yes,legacy-date-category-audit,,,,,,false,date-category-production-pending,temporary category fallback for historical Date; not an equivalent occurrence
2026-09-15T18:48:25Z,https://rockbusters.net/event-date/beginners-climbing--2018-07-07-214,/event-date/beginners-climbing--2018-07-07-214,old-sitemap,/trips/beginner-climbing-course/sella,https://rb-github.vercel.app/trips/beginner-climbing-course/sella,redirect-candidate-needs-validation,yes,historical-equivalent-variant,,,,,,true,path-listed-target-needs-content-check,
2026-09-15T18:48:25Z,https://rockbusters.net/event-date/klemen-becan-performance-coaching-workshop--2018-05-19-182,/event-date/klemen-becan-performance-coaching-workshop--2018-05-19-182,old-sitemap,/trips/climbing-technique-mental-coaching/rodellar,https://rb-github.vercel.app/trips/climbing-technique-mental-coaching/rodellar,redirect-candidate-needs-validation,yes,historical-equivalent-variant,,,,,,true,path-listed-target-needs-content-check,
2026-09-15T18:48:25Z,https://rockbusters.net/event-date/girls-climbing--2018-06-09-174,/event-date/girls-climbing--2018-06-09-174,old-sitemap,/trips?category=sport-climbing-holidays,https://rb-github.vercel.app/trips?category=sport-climbing-holidays,temporary-date-category-redirect,yes,legacy-date-category-audit,,,,,,false,date-category-production-pending,temporary category fallback for historical Date; not an equivalent occurrence
2026-09-15T18:48:25Z,https://rockbusters.net/event-date/climbing-trip-spain--2018-04-14-151,/event-date/climbing-trip-spain--2018-04-14-151,old-sitemap,/trips/climbing-trip-spain/margalef,https://rb-github.vercel.app/trips/climbing-trip-spain/margalef,redirect-candidate-needs-validation,yes,historical-equivalent-variant,,,,,,true,path-listed-target-needs-content-check,
2026-09-15T18:48:25Z,https://rockbusters.net/event-date/bouldering-albarracin--2018-04-07-154,/event-date/bouldering-albarracin--2018-04-07-154,old-sitemap,/trips/bouldering-albarracin/albarracin,https://rb-github.vercel.app/trips/bouldering-albarracin/albarracin,redirect-candidate-needs-validation,yes,historical-equivalent-variant,,,,,,true,path-listed-target-needs-content-check,
2026-09-15T18:48:25Z,https://rockbusters.net/event-date/adam-ondra-patxi-usobiaga-work-shop--2018-03-17-140,/event-date/adam-ondra-patxi-usobiaga-work-shop--2018-03-17-140,old-sitemap,/trips?category=performance-technique-camps,https://rb-github.vercel.app/trips?category=performance-technique-camps,temporary-date-category-redirect,yes,legacy-date-category-audit,,,,,,false,date-category-production-pending,temporary category fallback for historical Date; not an equivalent occurrence
2026-09-15T18:48:25Z,https://rockbusters.net/event-date/adam-ondra-patxi-usobiaga-work-shop--2018-03-10-132,/event-date/adam-ondra-patxi-usobiaga-work-shop--2018-03-10-132,old-sitemap,/trips?category=performance-technique-camps,https://rb-github.vercel.app/trips?category=performance-technique-camps,temporary-date-category-redirect,yes,legacy-date-category-audit,,,,,,false,date-category-production-pending,temporary category fallback for historical Date; not an equivalent occurrence
2026-09-15T18:48:25Z,https://rockbusters.net/event-date/climbing-trip-spain--2018-03-31-133,/event-date/climbing-trip-spain--2018-03-31-133,old-sitemap,/trips?category=expeditions,https://rb-github.vercel.app/trips?category=expeditions,temporary-date-category-redirect,yes,legacy-date-category-audit,,,,,,false,date-category-production-pending,temporary category fallback for historical Date; not an equivalent occurrence
2026-09-15T18:48:25Z,https://rockbusters.net/event-date/climbing-trip-spain--2018-04-07-142,/event-date/climbing-trip-spain--2018-04-07-142,old-sitemap,/trips?category=expeditions,https://rb-github.vercel.app/trips?category=expeditions,temporary-date-category-redirect,yes,legacy-date-category-audit,,,,,,false,date-category-production-pending,temporary category fallback for historical Date; not an equivalent occurrence
2026-09-15T18:48:25Z,https://rockbusters.net/event-date/sandstone-climbing--2018-06-23-178,/event-date/sandstone-climbing--2018-06-23-178,old-sitemap,/trips?category=trad-multipitch,https://rb-github.vercel.app/trips?category=trad-multipitch,temporary-date-category-redirect,yes,legacy-date-category-audit,,,,,,false,date-category-empty-production-pending,temporary category fallback; category currently has no active trips
2026-09-15T18:48:25Z,https://rockbusters.net/team-member/daila-ojeda-pro-climber,/team-member/daila-ojeda-pro-climber,old-sitemap,/team/daila-ojeda-pro-climber,https://rb-github.vercel.app/team/daila-ojeda-pro-climber,redirect-candidate-needs-validation,yes,same-slug-content-record,,,,,,true,path-listed-target-needs-content-check,
2026-09-15T18:48:25Z,https://rockbusters.net/event-date/bouldering-albarracin--2026-10-31-894/,/event-date/bouldering-albarracin--2026-10-31-894,future-date-discovered-on-old-event-page,/trips/bouldering-albarracin/albarracin?date=2026-10-31-to-2026-11-14,https://rb-github.vercel.app/trips/bouldering-albarracin/albarracin?date=2026-10-31-to-2026-11-14,redirect-candidate-needs-validation,yes,verified-tier1-identity,,,,,,true,path-listed-target-needs-content-check,
2026-09-15T18:48:25Z,https://rockbusters.net/event-date/europe-rock-climbing-trip--2026-09-19-784/,/event-date/europe-rock-climbing-trip--2026-09-19-784,future-date-discovered-on-old-event-page,/trips/europe-rock-climbing-trip/gorges-du-tarn?date=2026-09-19-to-2026-09-26,https://rb-github.vercel.app/trips/europe-rock-climbing-trip/gorges-du-tarn?date=2026-09-19-to-2026-09-26,redirect-candidate-needs-validation,yes,verified-tier1-identity,,,,,,true,path-listed-target-needs-content-check,
2026-09-15T18:48:25Z,https://rockbusters.net/event-date/europe-rock-climbing-trip--2026-09-26-783/,/event-date/europe-rock-climbing-trip--2026-09-26-783,future-date-discovered-on-old-event-page,/trips/europe-rock-climbing-trip/margalef?date=2026-09-26-to-2026-10-03,https://rb-github.vercel.app/trips/europe-rock-climbing-trip/margalef?date=2026-09-26-to-2026-10-03,redirect-candidate-needs-validation,yes,verified-tier1-identity,,,,,,true,path-listed-target-needs-content-check,
2026-09-15T18:48:25Z,https://rockbusters.net/event-date/europe-rock-climbing-trip--2026-10-03-782/,/event-date/europe-rock-climbing-trip--2026-10-03-782,future-date-discovered-on-old-event-page,/trips/europe-rock-climbing-trip/rodellar?date=2026-10-03-to-2026-10-10,https://rb-github.vercel.app/trips/europe-rock-climbing-trip/rodellar?date=2026-10-03-to-2026-10-10,redirect-candidate-needs-validation,yes,verified-tier1-identity,,,,,,true,path-listed-target-needs-content-check,
2026-09-15T18:48:25Z,https://rockbusters.net/event-date/europe-rock-climbing-trip--2027-08-21-829/,/event-date/europe-rock-climbing-trip--2027-08-21-829,future-date-discovered-on-old-event-page,/trips/europe-rock-climbing-trip/labske-udoli?date=2027-08-21-to-2027-08-28,https://rb-github.vercel.app/trips/europe-rock-climbing-trip/labske-udoli?date=2027-08-21-to-2027-08-28,redirect-candidate-needs-validation,yes,verified-tier1-identity,,,,,,true,path-listed-target-needs-content-check,
2026-09-15T18:48:25Z,https://rockbusters.net/event-date/europe-rock-climbing-trip--2027-08-28-830/,/event-date/europe-rock-climbing-trip--2027-08-28-830,future-date-discovered-on-old-event-page,/trips/europe-rock-climbing-trip/frankenjura?date=2027-08-28-to-2027-09-04,https://rb-github.vercel.app/trips/europe-rock-climbing-trip/frankenjura?date=2027-08-28-to-2027-09-04,redirect-candidate-needs-validation,yes,verified-tier1-identity,,,,,,true,path-listed-target-needs-content-check,
2026-09-15T18:48:25Z,https://rockbusters.net/event-date/europe-rock-climbing-trip--2027-09-04-831/,/event-date/europe-rock-climbing-trip--2027-09-04-831,future-date-discovered-on-old-event-page,/trips/europe-rock-climbing-trip/zillertal?date=2027-09-04-to-2027-09-11,https://rb-github.vercel.app/trips/europe-rock-climbing-trip/zillertal?date=2027-09-04-to-2027-09-11,redirect-candidate-needs-validation,yes,verified-tier1-identity,,,,,,true,path-listed-target-needs-content-check,
2026-09-15T18:48:25Z,https://rockbusters.net/event-date/europe-rock-climbing-trip--2027-09-11-832/,/event-date/europe-rock-climbing-trip--2027-09-11-832,future-date-discovered-on-old-event-page,/trips/europe-rock-climbing-trip/finale-ligure?date=2027-09-11-to-2027-09-18,https://rb-github.vercel.app/trips/europe-rock-climbing-trip/finale-ligure?date=2027-09-11-to-2027-09-18,redirect-candidate-needs-validation,yes,verified-tier1-identity,,,,,,true,path-listed-target-needs-content-check,
2026-09-15T18:48:25Z,https://rockbusters.net/event-date/europe-rock-climbing-trip--2027-09-18-833/,/event-date/europe-rock-climbing-trip--2027-09-18-833,future-date-discovered-on-old-event-page,/trips/europe-rock-climbing-trip/ceuse?date=2027-09-18-to-2027-09-25,https://rb-github.vercel.app/trips/europe-rock-climbing-trip/ceuse?date=2027-09-18-to-2027-09-25,redirect-candidate-needs-validation,yes,verified-tier1-identity,,,,,,true,path-listed-target-needs-content-check,
2026-09-15T18:48:25Z,https://rockbusters.net/event-date/europe-rock-climbing-trip--2027-09-25-834/,/event-date/europe-rock-climbing-trip--2027-09-25-834,future-date-discovered-on-old-event-page,/trips/europe-rock-climbing-trip/gorges-du-tarn?date=2027-09-25-to-2027-10-02,https://rb-github.vercel.app/trips/europe-rock-climbing-trip/gorges-du-tarn?date=2027-09-25-to-2027-10-02,redirect-candidate-needs-validation,yes,verified-tier1-identity,,,,,,true,path-listed-target-needs-content-check,
2026-09-15T18:48:25Z,https://rockbusters.net/event-date/europe-rock-climbing-trip--2027-10-02-835/,/event-date/europe-rock-climbing-trip--2027-10-02-835,future-date-discovered-on-old-event-page,/trips/europe-rock-climbing-trip/margalef?date=2027-10-02-to-2027-10-09,https://rb-github.vercel.app/trips/europe-rock-climbing-trip/margalef?date=2027-10-02-to-2027-10-09,redirect-candidate-needs-validation,yes,verified-tier1-identity,,,,,,true,path-listed-target-needs-content-check,
2026-09-15T18:48:25Z,https://rockbusters.net/event-date/europe-rock-climbing-trip--2027-08-21-828/,/event-date/europe-rock-climbing-trip--2027-08-21-828,future-date-discovered-on-old-event-page,/trips/europe-rock-climbing-trip/europe-tour?date=2027-08-21-to-2027-10-16,https://rb-github.vercel.app/trips/europe-rock-climbing-trip/europe-tour?date=2027-08-21-to-2027-10-16,redirect-candidate-needs-validation,yes,verified-tier1-identity,,,,,,true,path-listed-target-needs-content-check,
2026-09-15T18:48:25Z,https://rockbusters.net/event-date/europe-rock-climbing-trip--2027-10-09-836/,/event-date/europe-rock-climbing-trip--2027-10-09-836,future-date-discovered-on-old-event-page,/trips/europe-rock-climbing-trip/rodellar?date=2027-10-09-to-2027-10-16,https://rb-github.vercel.app/trips/europe-rock-climbing-trip/rodellar?date=2027-10-09-to-2027-10-16,redirect-candidate-needs-validation,yes,verified-tier1-identity,,,,,,true,path-listed-target-needs-content-check,
2026-09-15T18:48:25Z,https://rockbusters.net/event-date/climbing-trip-spain--2027-02-20-859/,/event-date/climbing-trip-spain--2027-02-20-859,future-date-discovered-on-old-event-page,/trips/climbing-trip-spain/sella?date=2027-02-20-to-2027-02-27,https://rb-github.vercel.app/trips/climbing-trip-spain/sella?date=2027-02-20-to-2027-02-27,redirect-candidate-needs-validation,yes,verified-tier1-identity,,,,,,true,path-listed-target-needs-content-check,
2026-09-15T18:48:25Z,https://rockbusters.net/event-date/climbing-trip-spain--2027-02-27-860/,/event-date/climbing-trip-spain--2027-02-27-860,future-date-discovered-on-old-event-page,/trips/climbing-trip-spain/chulilla?date=2027-02-27-to-2027-03-06,https://rb-github.vercel.app/trips/climbing-trip-spain/chulilla?date=2027-02-27-to-2027-03-06,redirect-candidate-needs-validation,yes,verified-tier1-identity,,,,,,true,path-listed-target-needs-content-check,
2026-09-15T18:48:25Z,https://rockbusters.net/event-date/climbing-trip-spain--2027-03-06-861/,/event-date/climbing-trip-spain--2027-03-06-861,future-date-discovered-on-old-event-page,/trips/climbing-trip-spain/siurana?date=2027-03-06-to-2027-03-13,https://rb-github.vercel.app/trips/climbing-trip-spain/siurana?date=2027-03-06-to-2027-03-13,redirect-candidate-needs-validation,yes,verified-tier1-identity,,,,,,true,path-listed-target-needs-content-check,
2026-09-15T18:48:25Z,https://rockbusters.net/event-date/climbing-trip-spain--2027-02-20-858/,/event-date/climbing-trip-spain--2027-02-20-858,future-date-discovered-on-old-event-page,/trips/climbing-trip-spain/spain-tour?date=2027-02-20-to-2027-03-20,https://rb-github.vercel.app/trips/climbing-trip-spain/spain-tour?date=2027-02-20-to-2027-03-20,redirect-candidate-needs-validation,yes,verified-tier1-identity,,,,,,true,path-listed-target-needs-content-check,
2026-09-15T18:48:25Z,https://rockbusters.net/event-date/climbing-trip-spain--2027-03-13-862/,/event-date/climbing-trip-spain--2027-03-13-862,future-date-discovered-on-old-event-page,/trips/climbing-trip-spain/margalef?date=2027-03-13-to-2027-03-20,https://rb-github.vercel.app/trips/climbing-trip-spain/margalef?date=2027-03-13-to-2027-03-20,redirect-candidate-needs-validation,yes,verified-tier1-identity,,,,,,true,path-listed-target-needs-content-check,
2026-09-15T18:48:25Z,https://rockbusters.net/event-date/deep-water-solo-mallorca--2026-09-26-840/,/event-date/deep-water-solo-mallorca--2026-09-26-840,future-date-discovered-on-old-event-page,/trips/deep-water-solo-mallorca/mallorca?date=2026-09-26-to-2026-10-03,https://rb-github.vercel.app/trips/deep-water-solo-mallorca/mallorca?date=2026-09-26-to-2026-10-03,redirect-candidate-needs-validation,yes,verified-tier1-identity,,,,,,true,path-listed-target-needs-content-check,
2026-09-15T18:48:25Z,https://rockbusters.net/event-date/deep-water-solo-mallorca--2026-10-03-841/,/event-date/deep-water-solo-mallorca--2026-10-03-841,future-date-discovered-on-old-event-page,/trips/deep-water-solo-mallorca/mallorca?date=2026-10-03-to-2026-10-10,https://rb-github.vercel.app/trips/deep-water-solo-mallorca/mallorca?date=2026-10-03-to-2026-10-10,redirect-candidate-needs-validation,yes,verified-tier1-identity,,,,,,true,path-listed-target-needs-content-check,
2026-09-15T18:48:25Z,https://rockbusters.net/event-date/deep-water-solo-mallorca--2026-09-26-842/,/event-date/deep-water-solo-mallorca--2026-09-26-842,future-date-discovered-on-old-event-page,/trips/deep-water-solo-mallorca/mallorca?date=2026-09-26-to-2026-10-10,https://rb-github.vercel.app/trips/deep-water-solo-mallorca/mallorca?date=2026-09-26-to-2026-10-10,redirect-candidate-needs-validation,yes,verified-tier1-identity,,,,,,true,path-listed-target-needs-content-check,
2026-09-15T18:48:25Z,https://rockbusters.net/event-date/woman-climbing--2026-10-17-846/,/event-date/woman-climbing--2026-10-17-846,future-date-discovered-on-old-event-page,/trips/woman-climbing/cuenca?date=2026-10-17-to-2026-10-24,https://rb-github.vercel.app/trips/woman-climbing/cuenca?date=2026-10-17-to-2026-10-24,redirect-candidate-needs-validation,yes,verified-tier1-identity,,,,,,true,path-listed-target-needs-content-check,
2026-09-15T18:48:25Z,https://rockbusters.net/event-date/woman-climbing--2027-03-20-871/,/event-date/woman-climbing--2027-03-20-871,future-date-discovered-on-old-event-page,/trips/woman-climbing/cuenca?date=2027-03-20-to-2027-03-27,https://rb-github.vercel.app/trips/woman-climbing/cuenca?date=2027-03-20-to-2027-03-27,redirect-candidate-needs-validation,yes,verified-tier1-identity,,,,,,true,path-listed-target-needs-content-check,
2026-09-15T18:48:25Z,https://rockbusters.net/event-date/woman-climbing--2027-10-09-872/,/event-date/woman-climbing--2027-10-09-872,future-date-discovered-on-old-event-page,/trips/woman-climbing/cuenca?date=2027-10-09-to-2027-10-16,https://rb-github.vercel.app/trips/woman-climbing/cuenca?date=2027-10-09-to-2027-10-16,redirect-candidate-needs-validation,yes,verified-tier1-identity,,,,,,true,path-listed-target-needs-content-check,
2026-09-15T18:48:25Z,https://rockbusters.net/event-date/climbing-technique-mental-coaching--2026-11-14-844/,/event-date/climbing-technique-mental-coaching--2026-11-14-844,future-date-discovered-on-old-event-page,/trips/climbing-technique-mental-coaching/kyparissi?date=2026-11-14-to-2026-11-21,https://rb-github.vercel.app/trips/climbing-technique-mental-coaching/kyparissi?date=2026-11-14-to-2026-11-21,redirect-candidate-needs-validation,yes,verified-tier1-identity,,,,,,true,path-listed-target-needs-content-check,
2026-09-15T18:48:25Z,https://rockbusters.net/event-date/climbing-technique-mental-coaching--2026-11-14-843/,/event-date/climbing-technique-mental-coaching--2026-11-14-843,future-date-discovered-on-old-event-page,/trips/climbing-technique-mental-coaching/kyparissi?date=2026-11-14-to-2026-11-28,https://rb-github.vercel.app/trips/climbing-technique-mental-coaching/kyparissi?date=2026-11-14-to-2026-11-28,redirect-candidate-needs-validation,yes,verified-tier1-identity,,,,,,true,path-listed-target-needs-content-check,
2026-09-15T18:48:25Z,https://rockbusters.net/event-date/climbing-technique-mental-coaching--2026-11-21-845/,/event-date/climbing-technique-mental-coaching--2026-11-21-845,future-date-discovered-on-old-event-page,/trips/climbing-technique-mental-coaching/kyparissi?date=2026-11-21-to-2026-11-28,https://rb-github.vercel.app/trips/climbing-technique-mental-coaching/kyparissi?date=2026-11-21-to-2026-11-28,redirect-candidate-needs-validation,yes,verified-tier1-identity,,,,,,true,path-listed-target-needs-content-check,
2026-09-15T18:48:25Z,https://rockbusters.net/event-date/climbing-technique-mental-coaching--2027-05-08-826/,/event-date/climbing-technique-mental-coaching--2027-05-08-826,future-date-discovered-on-old-event-page,/trips/climbing-technique-mental-coaching/rodellar?date=2027-05-08-to-2027-05-15,https://rb-github.vercel.app/trips/climbing-technique-mental-coaching/rodellar?date=2027-05-08-to-2027-05-15,redirect-candidate-needs-validation,yes,verified-tier1-identity,,,,,,true,path-listed-target-needs-content-check,
2026-09-15T18:48:25Z,https://rockbusters.net/event-date/climbing-technique-mental-coaching--2027-05-08-825/,/event-date/climbing-technique-mental-coaching--2027-05-08-825,future-date-discovered-on-old-event-page,/trips/climbing-technique-mental-coaching/rodellar?date=2027-05-08-to-2027-05-22,https://rb-github.vercel.app/trips/climbing-technique-mental-coaching/rodellar?date=2027-05-08-to-2027-05-22,redirect-candidate-needs-validation,yes,verified-tier1-identity,,,,,,true,path-listed-target-needs-content-check,
2026-09-15T18:48:25Z,https://rockbusters.net/event-date/climbing-technique-mental-coaching--2027-05-15-827/,/event-date/climbing-technique-mental-coaching--2027-05-15-827,future-date-discovered-on-old-event-page,/trips/climbing-technique-mental-coaching/rodellar?date=2027-05-15-to-2027-05-22,https://rb-github.vercel.app/trips/climbing-technique-mental-coaching/rodellar?date=2027-05-15-to-2027-05-22,redirect-candidate-needs-validation,yes,verified-tier1-identity,,,,,,true,path-listed-target-needs-content-check,
2026-09-15T18:48:25Z,https://rockbusters.net/event-date/sport-climbing--2026-09-26-752/,/event-date/sport-climbing--2026-09-26-752,future-date-discovered-on-old-event-page,/trips/sport-climbing/kalymnos?date=2026-09-26-to-2026-10-03,https://rb-github.vercel.app/trips/sport-climbing/kalymnos?date=2026-09-26-to-2026-10-03,redirect-candidate-needs-validation,yes,verified-tier1-identity,,,,,,true,path-listed-target-needs-content-check,
2026-09-15T18:48:25Z,https://rockbusters.net/event-date/sport-climbing--2026-10-03-852/,/event-date/sport-climbing--2026-10-03-852,future-date-discovered-on-old-event-page,/trips/sport-climbing/kalymnos?date=2026-10-03-to-2026-10-10,https://rb-github.vercel.app/trips/sport-climbing/kalymnos?date=2026-10-03-to-2026-10-10,redirect-candidate-needs-validation,yes,verified-tier1-identity,,,,,,true,path-listed-target-needs-content-check,
2026-09-15T18:48:25Z,https://rockbusters.net/event-date/sport-climbing--2026-09-26-853/,/event-date/sport-climbing--2026-09-26-853,future-date-discovered-on-old-event-page,/trips/sport-climbing/kalymnos?date=2026-09-26-to-2026-10-10,https://rb-github.vercel.app/trips/sport-climbing/kalymnos?date=2026-09-26-to-2026-10-10,redirect-candidate-needs-validation,yes,verified-tier1-identity,,,,,,true,path-listed-target-needs-content-check,
2026-09-15T18:48:25Z,https://rockbusters.net/event-date/sport-climbing--2026-12-19-820/,/event-date/sport-climbing--2026-12-19-820,future-date-discovered-on-old-event-page,/trips/sport-climbing/sella?date=2026-12-19-to-2026-12-26,https://rb-github.vercel.app/trips/sport-climbing/sella?date=2026-12-19-to-2026-12-26,redirect-candidate-needs-validation,yes,verified-tier1-identity,,,,,,true,path-listed-target-needs-content-check,
2026-09-15T18:48:25Z,https://rockbusters.net/event-date/sport-climbing--2026-12-19-819/,/event-date/sport-climbing--2026-12-19-819,future-date-discovered-on-old-event-page,/trips/sport-climbing/sella?date=2026-12-19-to-2027-01-02,https://rb-github.vercel.app/trips/sport-climbing/sella?date=2026-12-19-to-2027-01-02,redirect-candidate-needs-validation,yes,verified-tier1-identity,,,,,,true,path-listed-target-needs-content-check,
2026-09-15T18:48:25Z,https://rockbusters.net/event-date/sport-climbing--2026-12-26-821/,/event-date/sport-climbing--2026-12-26-821,future-date-discovered-on-old-event-page,/trips/sport-climbing/sella?date=2026-12-26-to-2027-01-02,https://rb-github.vercel.app/trips/sport-climbing/sella?date=2026-12-26-to-2027-01-02,redirect-candidate-needs-validation,yes,verified-tier1-identity,,,,,,true,path-listed-target-needs-content-check,
2026-09-15T18:48:25Z,https://rockbusters.net/event-date/sport-climbing--2027-01-23-864/,/event-date/sport-climbing--2027-01-23-864,future-date-discovered-on-old-event-page,/trips/sport-climbing/leonidio?date=2027-01-23-to-2027-01-30,https://rb-github.vercel.app/trips/sport-climbing/leonidio?date=2027-01-23-to-2027-01-30,redirect-candidate-needs-validation,yes,verified-tier1-identity,,,,,,true,path-listed-target-needs-content-check,
2026-09-15T18:48:25Z,https://rockbusters.net/event-date/sport-climbing--2027-01-23-812/,/event-date/sport-climbing--2027-01-23-812,future-date-discovered-on-old-event-page,/trips/sport-climbing/leonidio?date=2027-01-23-to-2027-02-06,https://rb-github.vercel.app/trips/sport-climbing/leonidio?date=2027-01-23-to-2027-02-06,redirect-candidate-needs-validation,yes,verified-tier1-identity,,,,,,true,path-listed-target-needs-content-check,
2026-09-15T18:48:25Z,https://rockbusters.net/event-date/sport-climbing--2027-01-30-865/,/event-date/sport-climbing--2027-01-30-865,future-date-discovered-on-old-event-page,/trips/sport-climbing/leonidio?date=2027-01-30-to-2027-02-06,https://rb-github.vercel.app/trips/sport-climbing/leonidio?date=2027-01-30-to-2027-02-06,redirect-candidate-needs-validation,yes,verified-tier1-identity,,,,,,true,path-listed-target-needs-content-check,
2026-09-15T18:48:25Z,https://rockbusters.net/event-date/sport-climbing--2027-03-20-823/,/event-date/sport-climbing--2027-03-20-823,future-date-discovered-on-old-event-page,/trips/sport-climbing/istria?date=2027-03-20-to-2027-03-27,https://rb-github.vercel.app/trips/sport-climbing/istria?date=2027-03-20-to-2027-03-27,redirect-candidate-needs-validation,yes,verified-tier1-identity,,,,,,true,path-listed-target-needs-content-check,
2026-09-15T18:48:25Z,https://rockbusters.net/event-date/sport-climbing--2027-03-20-822/,/event-date/sport-climbing--2027-03-20-822,future-date-discovered-on-old-event-page,/trips/sport-climbing/istria?date=2027-03-20-to-2027-04-03,https://rb-github.vercel.app/trips/sport-climbing/istria?date=2027-03-20-to-2027-04-03,redirect-candidate-needs-validation,yes,verified-tier1-identity,,,,,,true,path-listed-target-needs-content-check,
2026-09-15T18:48:25Z,https://rockbusters.net/event-date/sport-climbing--2027-03-27-824/,/event-date/sport-climbing--2027-03-27-824,future-date-discovered-on-old-event-page,/trips/sport-climbing/istria?date=2027-03-27-to-2027-04-03,https://rb-github.vercel.app/trips/sport-climbing/istria?date=2027-03-27-to-2027-04-03,redirect-candidate-needs-validation,yes,verified-tier1-identity,,,,,,true,path-listed-target-needs-content-check,
2026-09-15T18:48:25Z,https://rockbusters.net/event-date/sport-climbing--2027-04-17-892/,/event-date/sport-climbing--2027-04-17-892,future-date-discovered-on-old-event-page,/trips/sport-climbing/finale-ligure?date=2027-04-17-to-2027-04-24,https://rb-github.vercel.app/trips/sport-climbing/finale-ligure?date=2027-04-17-to-2027-04-24,redirect-candidate-needs-validation,yes,verified-tier1-identity,,,,,,true,path-listed-target-needs-content-check,
2026-09-15T18:48:25Z,https://rockbusters.net/event-date/sport-climbing--2027-04-17-891/,/event-date/sport-climbing--2027-04-17-891,future-date-discovered-on-old-event-page,/trips/sport-climbing/finale-ligure?date=2027-04-17-to-2027-05-01,https://rb-github.vercel.app/trips/sport-climbing/finale-ligure?date=2027-04-17-to-2027-05-01,redirect-candidate-needs-validation,yes,verified-tier1-identity,,,,,,true,path-listed-target-needs-content-check,
2026-09-15T18:48:25Z,https://rockbusters.net/event-date/sport-climbing--2027-04-24-893/,/event-date/sport-climbing--2027-04-24-893,future-date-discovered-on-old-event-page,/trips/sport-climbing/finale-ligure?date=2027-04-24-to-2027-05-01,https://rb-github.vercel.app/trips/sport-climbing/finale-ligure?date=2027-04-24-to-2027-05-01,redirect-candidate-needs-validation,yes,verified-tier1-identity,,,,,,true,path-listed-target-needs-content-check,
2026-09-15T18:48:25Z,https://rockbusters.net/event-date/sport-climbing--2027-06-19-878/,/event-date/sport-climbing--2027-06-19-878,future-date-discovered-on-old-event-page,/trips/sport-climbing/dolomites?date=2027-06-19-to-2027-06-26,https://rb-github.vercel.app/trips/sport-climbing/dolomites?date=2027-06-19-to-2027-06-26,redirect-candidate-needs-validation,yes,verified-tier1-identity,,,,,,true,path-listed-target-needs-content-check,
2026-09-15T18:48:25Z,https://rockbusters.net/event-date/sport-climbing--2027-06-26-879/,/event-date/sport-climbing--2027-06-26-879,future-date-discovered-on-old-event-page,/trips/sport-climbing/dolomites?date=2027-06-26-to-2027-07-03,https://rb-github.vercel.app/trips/sport-climbing/dolomites?date=2027-06-26-to-2027-07-03,redirect-candidate-needs-validation,yes,verified-tier1-identity,,,,,,true,path-listed-target-needs-content-check,
2026-09-15T18:48:25Z,https://rockbusters.net/event-date/sport-climbing--2027-06-19-880/,/event-date/sport-climbing--2027-06-19-880,future-date-discovered-on-old-event-page,/trips/sport-climbing/dolomites?date=2027-06-19-to-2027-07-03,https://rb-github.vercel.app/trips/sport-climbing/dolomites?date=2027-06-19-to-2027-07-03,redirect-candidate-needs-validation,yes,verified-tier1-identity,,,,,,true,path-listed-target-needs-content-check,
2026-09-15T18:48:25Z,https://rockbusters.net/event-date/sport-climbing--2027-07-24-881/,/event-date/sport-climbing--2027-07-24-881,future-date-discovered-on-old-event-page,/trips/sport-climbing/dolomites?date=2027-07-24-to-2027-07-31,https://rb-github.vercel.app/trips/sport-climbing/dolomites?date=2027-07-24-to-2027-07-31,redirect-candidate-needs-validation,yes,verified-tier1-identity,,,,,,true,path-listed-target-needs-content-check,
2026-09-15T18:48:25Z,https://rockbusters.net/event-date/sport-climbing--2027-07-24-882/,/event-date/sport-climbing--2027-07-24-882,future-date-discovered-on-old-event-page,/trips/sport-climbing/dolomites?date=2027-07-24-to-2027-08-07,https://rb-github.vercel.app/trips/sport-climbing/dolomites?date=2027-07-24-to-2027-08-07,redirect-candidate-needs-validation,yes,verified-tier1-identity,,,,,,true,path-listed-target-needs-content-check,
2026-09-15T18:48:25Z,https://rockbusters.net/event-date/sport-climbing--2027-07-31-883/,/event-date/sport-climbing--2027-07-31-883,future-date-discovered-on-old-event-page,/trips/sport-climbing/dolomites?date=2027-07-31-to-2027-08-07,https://rb-github.vercel.app/trips/sport-climbing/dolomites?date=2027-07-31-to-2027-08-07,redirect-candidate-needs-validation,yes,verified-tier1-identity,,,,,,true,path-listed-target-needs-content-check,
