oldUrl,oldPath,oldFamily,inOldSitemap,unchangedPathInNewSitemap,candidateTarget,candidateInNewSitemap,mappingClass,candidateSource,clearReplacementClass,clearReplacementTarget,reasonWithoutClearReplacement
https://rockbusters.net/,/,/,true,true,,false,unreviewed,,same-listed-path,/,
https://rockbusters.net/event-date/,/event-date,/event-date,true,false,/trips,true,unreviewed,legacy-redirect-decisions.json,approved-browse-index-successor,/trips,
https://rockbusters.net/private-guiding,/private-guiding,/private-guiding,true,false,/trips,true,unreviewed,legacy-redirect-decisions.json,,,approved-browse-fallback-not-equivalent
https://rockbusters.net/location/,/location,/location,true,false,/destinations,true,unreviewed,sitemap-redirect-mapping.csv,browse-index-successor,/destinations,
https://rockbusters.net/team-member/,/team-member,/team-member,true,false,/team,true,unreviewed,sitemap-redirect-mapping.csv,browse-index-successor,/team,
https://rockbusters.net/blog/,/blog,/blog,true,true,,false,unreviewed,,same-listed-path,/blog,
https://rockbusters.net/contact,/contact,/contact,true,true,,false,unreviewed,,same-listed-path,/contact,
https://rockbusters.net/event-date/sport-climbing--2018-07-07-190,/event-date/sport-climbing--2018-07-07-190,/event-date,true,false,/trips?category=sport-climbing-holidays,false,category-fallback-ready,legacy-redirect-decisions.json,,,category-fallback-ready
https://rockbusters.net/event-date/sport-climbing--2018-07-07-189,/event-date/sport-climbing--2018-07-07-189,/event-date,true,false,/trips?category=sport-climbing-holidays,false,category-fallback-ready,legacy-redirect-decisions.json,,,category-fallback-ready
https://rockbusters.net/event-date/sport-climbing--2018-07-14-191,/event-date/sport-climbing--2018-07-14-191,/event-date,true,false,/trips?category=sport-climbing-holidays,false,category-fallback-ready,legacy-redirect-decisions.json,,,category-fallback-ready
https://rockbusters.net/event-date/sandstone-climbing--2018-08-11-177,/event-date/sandstone-climbing--2018-08-11-177,/event-date,true,false,/trips?category=trad-multipitch,false,category-fallback-empty-category,legacy-redirect-decisions.json,,,category-fallback-empty-category
https://rockbusters.net/event-date/climbing-trip-europe--2018-08-18-149,/event-date/climbing-trip-europe--2018-08-18-149,/event-date,true,false,/trips?category=expeditions,false,category-fallback-ready,legacy-redirect-decisions.json,,,category-fallback-ready
https://rockbusters.net/event-date/deep-water-solo-mallorca--2018-10-20-155,/event-date/deep-water-solo-mallorca--2018-10-20-155,/event-date,true,false,/trips/deep-water-solo-mallorca/mallorca,true,ready-indexable-equivalent-variant,all-old-url-inventory.csv,historical-equivalent-variant,/trips/deep-water-solo-mallorca/mallorca,
https://rockbusters.net/event-date/christmas-climbing-holiday--2018-12-22-184,/event-date/christmas-climbing-holiday--2018-12-22-184,/event-date,true,false,/trips?category=sport-climbing-holidays,false,category-fallback-ready,legacy-redirect-decisions.json,,,category-fallback-ready
https://rockbusters.net/event-date/climbing-trip-spain--2019-03-30-195,/event-date/climbing-trip-spain--2019-03-30-195,/event-date,true,false,/trips?category=expeditions,false,category-fallback-ready,legacy-redirect-decisions.json,,,category-fallback-ready
https://rockbusters.net/event/deep-water-solo-mallorca,/event/deep-water-solo-mallorca,/event,true,false,/trips/deep-water-solo-mallorca/mallorca,true,tier1-exact,tier1-redirect-readiness.csv,verified-tier1-identity,/trips/deep-water-solo-mallorca/mallorca,
https://rockbusters.net/event/climbing-trip-europe,/event/climbing-trip-europe,/event,true,false,/trips/europe-rock-climbing-trip,true,tier1-exact,tier1-redirect-readiness.csv,verified-tier1-identity,/trips/europe-rock-climbing-trip,
https://rockbusters.net/event/sport-climbing,/event/sport-climbing,/event,true,false,/trips/sport-climbing,true,tier1-exact,tier1-redirect-readiness.csv,verified-tier1-identity,/trips/sport-climbing,
https://rockbusters.net/event/girls-climbing,/event/girls-climbing,/event,true,false,/trips/woman-climbing/cuenca,true,tier1-exact,tier1-redirect-readiness.csv,verified-tier1-identity,/trips/woman-climbing/cuenca,
https://rockbusters.net/test-center/,/test-center,/test-center,true,false,/trips,true,unreviewed,legacy-redirect-decisions.json,,,approved-browse-fallback-not-equivalent
https://rockbusters.net/partner/,/partner,/partner,true,false,/trips,true,unreviewed,legacy-redirect-decisions.json,,,approved-browse-fallback-not-equivalent
https://rockbusters.net/event/,/event,/event,true,false,/trips,true,unreviewed,legacy-redirect-decisions.json,approved-browse-index-successor,/trips,
https://rockbusters.net/terms-and-conditions,/terms-and-conditions,/terms-and-conditions,true,false,/terms-and-conditions,false,unreviewed,legacy-redirect-decisions.json,,,same-path-cms-page-not-yet-in-named-sitemap
https://rockbusters.net/event-date/klemen-becan-performance-coaching-workshop--2018-07-10-213,/event-date/klemen-becan-performance-coaching-workshop--2018-07-10-213,/event-date,true,false,/trips?category=performance-technique-camps,false,category-fallback-ready,legacy-redirect-decisions.json,,,category-fallback-ready
https://rockbusters.net/event-date/alpine-rock-climbing-in-chamonix--2018-07-28-201,/event-date/alpine-rock-climbing-in-chamonix--2018-07-28-201,/event-date,true,false,/trips?category=trad-multipitch,false,category-fallback-empty-category,legacy-redirect-decisions.json,,,category-fallback-empty-category
https://rockbusters.net/event-date/trad-and-multipitch-climbing--2018-08-06-212,/event-date/trad-and-multipitch-climbing--2018-08-06-212,/event-date,true,false,/trips?category=trad-multipitch,false,category-fallback-empty-category,legacy-redirect-decisions.json,,,category-fallback-empty-category
https://rockbusters.net/event-date/climbing-trip-europe--2018-08-18-159,/event-date/climbing-trip-europe--2018-08-18-159,/event-date,true,false,/trips/europe-rock-climbing-trip/labske-udoli,true,ready-indexable-equivalent-variant,all-old-url-inventory.csv,historical-equivalent-variant,/trips/europe-rock-climbing-trip/labske-udoli,
https://rockbusters.net/event-date/climbing-trip-europe--2018-08-25-160,/event-date/climbing-trip-europe--2018-08-25-160,/event-date,true,false,/trips?category=expeditions,false,category-fallback-ready,legacy-redirect-decisions.json,,,category-fallback-ready
https://rockbusters.net/event-date/alpine-rock-climbing-in-chamonix--2018-08-25-202,/event-date/alpine-rock-climbing-in-chamonix--2018-08-25-202,/event-date,true,false,/trips?category=trad-multipitch,false,category-fallback-empty-category,legacy-redirect-decisions.json,,,category-fallback-empty-category
https://rockbusters.net/event-date/climbing-trip-europe--2018-09-01-161,/event-date/climbing-trip-europe--2018-09-01-161,/event-date,true,false,/trips?category=expeditions,false,category-fallback-ready,legacy-redirect-decisions.json,,,category-fallback-ready
https://rockbusters.net/event-date/climbing-trip-europe--2018-09-08-162,/event-date/climbing-trip-europe--2018-09-08-162,/event-date,true,false,/trips/europe-rock-climbing-trip/finale-ligure,true,ready-indexable-equivalent-variant,all-old-url-inventory.csv,historical-equivalent-variant,/trips/europe-rock-climbing-trip/finale-ligure,
https://rockbusters.net/event-date/climbing-trip-europe--2018-09-15-163,/event-date/climbing-trip-europe--2018-09-15-163,/event-date,true,false,/trips/europe-rock-climbing-trip/ceuse,true,ready-indexable-equivalent-variant,all-old-url-inventory.csv,historical-equivalent-variant,/trips/europe-rock-climbing-trip/ceuse,
https://rockbusters.net/event-date/sandstone-climbing--2018-09-15-180,/event-date/sandstone-climbing--2018-09-15-180,/event-date,true,false,/trips?category=trad-multipitch,false,category-fallback-empty-category,legacy-redirect-decisions.json,,,category-fallback-empty-category
https://rockbusters.net/event-date/climbing-trip-europe--2018-09-22-164,/event-date/climbing-trip-europe--2018-09-22-164,/event-date,true,false,/trips/europe-rock-climbing-trip/gorges-du-tarn,true,ready-indexable-equivalent-variant,all-old-url-inventory.csv,historical-equivalent-variant,/trips/europe-rock-climbing-trip/gorges-du-tarn,
https://rockbusters.net/event-date/climbing-trip-europe--2018-09-29-165,/event-date/climbing-trip-europe--2018-09-29-165,/event-date,true,false,/trips/europe-rock-climbing-trip/margalef,true,ready-indexable-equivalent-variant,all-old-url-inventory.csv,historical-equivalent-variant,/trips/europe-rock-climbing-trip/margalef,
https://rockbusters.net/event-date/climbing-trip-europe--2018-10-06-166,/event-date/climbing-trip-europe--2018-10-06-166,/event-date,true,false,/trips/europe-rock-climbing-trip/rodellar,true,ready-indexable-equivalent-variant,all-old-url-inventory.csv,historical-equivalent-variant,/trips/europe-rock-climbing-trip/rodellar,
https://rockbusters.net/event-date/deep-water-solo-mallorca--2018-10-20-175,/event-date/deep-water-solo-mallorca--2018-10-20-175,/event-date,true,false,/trips/deep-water-solo-mallorca/mallorca,true,ready-indexable-equivalent-variant,all-old-url-inventory.csv,historical-equivalent-variant,/trips/deep-water-solo-mallorca/mallorca,
https://rockbusters.net/event-date/deep-water-solo-mallorca--2018-10-27-176,/event-date/deep-water-solo-mallorca--2018-10-27-176,/event-date,true,false,/trips/deep-water-solo-mallorca/mallorca,true,ready-indexable-equivalent-variant,all-old-url-inventory.csv,historical-equivalent-variant,/trips/deep-water-solo-mallorca/mallorca,
https://rockbusters.net/event-date/klemen-becan-performance-coaching-workshop--2018-11-17-187,/event-date/klemen-becan-performance-coaching-workshop--2018-11-17-187,/event-date,true,false,/trips?category=performance-technique-camps,false,category-fallback-ready,legacy-redirect-decisions.json,,,category-fallback-ready
https://rockbusters.net/event-date/klemen-becan-performance-coaching-workshop--2018-11-17-193,/event-date/klemen-becan-performance-coaching-workshop--2018-11-17-193,/event-date,true,false,/trips?category=performance-technique-camps,false,category-fallback-ready,legacy-redirect-decisions.json,,,category-fallback-ready
https://rockbusters.net/event-date/klemen-becan-performance-coaching-workshop--2018-11-24-194,/event-date/klemen-becan-performance-coaching-workshop--2018-11-24-194,/event-date,true,false,/trips?category=performance-technique-camps,false,category-fallback-ready,legacy-redirect-decisions.json,,,category-fallback-ready
https://rockbusters.net/event-date/christmas-climbing-holiday--2018-12-22-185,/event-date/christmas-climbing-holiday--2018-12-22-185,/event-date,true,false,/trips?category=sport-climbing-holidays,false,category-fallback-ready,legacy-redirect-decisions.json,,,category-fallback-ready
https://rockbusters.net/event-date/christmas-climbing-holiday--2018-12-29-186,/event-date/christmas-climbing-holiday--2018-12-29-186,/event-date,true,false,/trips?category=sport-climbing-holidays,false,category-fallback-ready,legacy-redirect-decisions.json,,,category-fallback-ready
https://rockbusters.net/event-date/climbing-trip-spain--2019-03-30-196,/event-date/climbing-trip-spain--2019-03-30-196,/event-date,true,false,/trips/climbing-trip-spain/sella,true,ready-indexable-equivalent-variant,all-old-url-inventory.csv,historical-equivalent-variant,/trips/climbing-trip-spain/sella,
https://rockbusters.net/event-date/climbing-trip-spain--2019-04-06-197,/event-date/climbing-trip-spain--2019-04-06-197,/event-date,true,false,/trips?category=expeditions,false,category-fallback-ready,legacy-redirect-decisions.json,,,category-fallback-ready
https://rockbusters.net/event-date/climbing-trip-spain--2019-04-13-198,/event-date/climbing-trip-spain--2019-04-13-198,/event-date,true,false,/trips/climbing-trip-spain/margalef,true,ready-indexable-equivalent-variant,all-old-url-inventory.csv,historical-equivalent-variant,/trips/climbing-trip-spain/margalef,
https://rockbusters.net/event-date/climbing-trip-spain--2019-04-20-199,/event-date/climbing-trip-spain--2019-04-20-199,/event-date,true,false,/trips/climbing-trip-spain/siurana,true,ready-indexable-equivalent-variant,all-old-url-inventory.csv,historical-equivalent-variant,/trips/climbing-trip-spain/siurana,
https://rockbusters.net/event-date/trad-and-multipitch-climbing--2019-04-27-207,/event-date/trad-and-multipitch-climbing--2019-04-27-207,/event-date,true,false,/trips?category=trad-multipitch,false,category-fallback-empty-category,legacy-redirect-decisions.json,,,category-fallback-empty-category
https://rockbusters.net/event-date/klemen-becan-performance-coaching-workshop--2019-05-18-204,/event-date/klemen-becan-performance-coaching-workshop--2019-05-18-204,/event-date,true,false,/trips?category=performance-technique-camps,false,category-fallback-ready,legacy-redirect-decisions.json,,,category-fallback-ready
https://rockbusters.net/event-date/klemen-becan-performance-coaching-workshop--2019-05-18-208,/event-date/klemen-becan-performance-coaching-workshop--2019-05-18-208,/event-date,true,false,/trips/climbing-technique-mental-coaching/rodellar,true,ready-indexable-equivalent-variant,all-old-url-inventory.csv,historical-equivalent-variant,/trips/climbing-technique-mental-coaching/rodellar,
https://rockbusters.net/event-date/klemen-becan-performance-coaching-workshop--2019-05-25-209,/event-date/klemen-becan-performance-coaching-workshop--2019-05-25-209,/event-date,true,false,/trips?category=performance-technique-camps,false,category-fallback-ready,legacy-redirect-decisions.json,,,category-fallback-ready
https://rockbusters.net/event-date/girls-climbing--2019-06-15-205,/event-date/girls-climbing--2019-06-15-205,/event-date,true,false,/trips?category=sport-climbing-holidays,false,category-fallback-ready,legacy-redirect-decisions.json,,,category-fallback-ready
https://rockbusters.net/event-date/girls-climbing--2019-06-15-210,/event-date/girls-climbing--2019-06-15-210,/event-date,true,false,/trips?category=sport-climbing-holidays,false,category-fallback-ready,legacy-redirect-decisions.json,,,category-fallback-ready
https://rockbusters.net/event-date/girls-climbing--2019-06-22-211,/event-date/girls-climbing--2019-06-22-211,/event-date,true,false,/trips?category=sport-climbing-holidays,false,category-fallback-ready,legacy-redirect-decisions.json,,,category-fallback-ready
https://rockbusters.net/event-date/climbing-trip-europe--2019-08-17-206,/event-date/climbing-trip-europe--2019-08-17-206,/event-date,true,false,/trips?category=expeditions,false,category-fallback-ready,legacy-redirect-decisions.json,,,category-fallback-ready
https://rockbusters.net/location/albarracin,/location/albarracin,/location,true,false,/destinations/albarracin,true,unreviewed,sitemap-redirect-mapping.csv,same-slug-content-record,/destinations/albarracin,
https://rockbusters.net/location/arco,/location/arco,/location,true,false,/destinations/arco,true,unreviewed,sitemap-redirect-mapping.csv,same-slug-content-record,/destinations/arco,
https://rockbusters.net/location/cesky-raj,/location/cesky-raj,/location,true,false,/destinations/cesky-raj,true,unreviewed,sitemap-redirect-mapping.csv,same-slug-content-record,/destinations/cesky-raj,
https://rockbusters.net/location/ceuse,/location/ceuse,/location,true,false,/destinations/ceuse,true,unreviewed,sitemap-redirect-mapping.csv,same-slug-content-record,/destinations/ceuse,
https://rockbusters.net/location/chamonix,/location/chamonix,/location,true,false,/destinations/chamonix,true,unreviewed,sitemap-redirect-mapping.csv,same-slug-content-record,/destinations/chamonix,
https://rockbusters.net/location/cuenca,/location/cuenca,/location,true,false,/destinations/cuenca,true,unreviewed,sitemap-redirect-mapping.csv,same-slug-content-record,/destinations/cuenca,
https://rockbusters.net/location/durance-valley-hautes-alps,/location/durance-valley-hautes-alps,/location,true,false,/destinations/durance-valley-hautes-alps,true,unreviewed,sitemap-redirect-mapping.csv,same-slug-content-record,/destinations/durance-valley-hautes-alps,
https://rockbusters.net/location/el-chorro,/location/el-chorro,/location,true,false,/destinations/el-chorro,true,unreviewed,sitemap-redirect-mapping.csv,same-slug-content-record,/destinations/el-chorro,
https://rockbusters.net/location/etxauri,/location/etxauri,/location,true,false,/destinations/etxauri,true,unreviewed,sitemap-redirect-mapping.csv,same-slug-content-record,/destinations/etxauri,
https://rockbusters.net/location/finale-ligure,/location/finale-ligure,/location,true,false,/destinations/finale-ligure,true,unreviewed,sitemap-redirect-mapping.csv,same-slug-content-record,/destinations/finale-ligure,
https://rockbusters.net/location/frankenjura,/location/frankenjura,/location,true,false,/destinations/frankenjura,true,unreviewed,sitemap-redirect-mapping.csv,same-slug-content-record,/destinations/frankenjura,
https://rockbusters.net/location/gorge-de-la-jonte,/location/gorge-de-la-jonte,/location,true,false,/destinations/gorge-de-la-jonte,true,unreviewed,sitemap-redirect-mapping.csv,same-slug-content-record,/destinations/gorge-de-la-jonte,
https://rockbusters.net/location/gorges-du-tarn,/location/gorges-du-tarn,/location,true,false,/destinations/gorges-du-tarn,true,unreviewed,sitemap-redirect-mapping.csv,same-slug-content-record,/destinations/gorges-du-tarn,
https://rockbusters.net/location/gorges-du-verdon,/location/gorges-du-verdon,/location,true,false,/destinations/gorges-du-verdon,true,unreviewed,sitemap-redirect-mapping.csv,same-slug-content-record,/destinations/gorges-du-verdon,
https://rockbusters.net/location/gran-canaria,/location/gran-canaria,/location,true,false,/destinations/gran-canaria,true,unreviewed,sitemap-redirect-mapping.csv,same-slug-content-record,/destinations/gran-canaria,
https://rockbusters.net/location/kalymnos,/location/kalymnos,/location,true,false,/destinations/kalymnos,true,unreviewed,sitemap-redirect-mapping.csv,same-slug-content-record,/destinations/kalymnos,
https://rockbusters.net/location/labske-udoli,/location/labske-udoli,/location,true,false,/destinations/labske-udoli,true,unreviewed,sitemap-redirect-mapping.csv,same-slug-content-record,/destinations/labske-udoli,
https://rockbusters.net/location/les-calanques-de-marseille,/location/les-calanques-de-marseille,/location,true,false,/destinations/les-calanques-de-marseille,true,unreviewed,sitemap-redirect-mapping.csv,same-slug-content-record,/destinations/les-calanques-de-marseille,
https://rockbusters.net/location/mallorca,/location/mallorca,/location,true,false,/destinations/mallorca,true,unreviewed,sitemap-redirect-mapping.csv,same-slug-content-record,/destinations/mallorca,
https://rockbusters.net/location/malta,/location/malta,/location,true,false,/destinations/malta,true,unreviewed,sitemap-redirect-mapping.csv,same-slug-content-record,/destinations/malta,
https://rockbusters.net/location/margalef,/location/margalef,/location,true,false,/destinations/margalef,true,unreviewed,sitemap-redirect-mapping.csv,same-slug-content-record,/destinations/margalef,
https://rockbusters.net/location/monobloc-reus-spain,/location/monobloc-reus-spain,/location,true,false,/destinations/monobloc-reus-spain,true,unreviewed,sitemap-redirect-mapping.csv,same-slug-content-record,/destinations/monobloc-reus-spain,
https://rockbusters.net/location/montgrony,/location/montgrony,/location,true,false,/destinations/montgrony,true,unreviewed,sitemap-redirect-mapping.csv,same-slug-content-record,/destinations/montgrony,
https://rockbusters.net/location/oliana,/location/oliana,/location,true,false,/destinations/oliana,true,unreviewed,sitemap-redirect-mapping.csv,same-slug-content-record,/destinations/oliana,
https://rockbusters.net/location/riglos,/location/riglos,/location,true,false,/destinations/riglos,true,unreviewed,sitemap-redirect-mapping.csv,same-slug-content-record,/destinations/riglos,
https://rockbusters.net/location/rodellar,/location/rodellar,/location,true,false,/destinations/rodellar,true,unreviewed,sitemap-redirect-mapping.csv,same-slug-content-record,/destinations/rodellar,
https://rockbusters.net/location/sella,/location/sella,/location,true,false,/destinations/sella,true,unreviewed,sitemap-redirect-mapping.csv,same-slug-content-record,/destinations/sella,
https://rockbusters.net/location/siurana,/location/siurana,/location,true,false,/destinations/siurana,true,unreviewed,sitemap-redirect-mapping.csv,same-slug-content-record,/destinations/siurana,
https://rockbusters.net/location/terradets,/location/terradets,/location,true,false,/destinations/terradets,true,unreviewed,sitemap-redirect-mapping.csv,same-slug-content-record,/destinations/terradets,
https://rockbusters.net/location/val-di-mello,/location/val-di-mello,/location,true,false,/destinations/val-di-mello,true,unreviewed,sitemap-redirect-mapping.csv,same-slug-content-record,/destinations/val-di-mello,
https://rockbusters.net/location/valdegovia,/location/valdegovia,/location,true,false,/destinations/valdegovia,true,unreviewed,sitemap-redirect-mapping.csv,same-slug-content-record,/destinations/valdegovia,
https://rockbusters.net/location/zillertal,/location/zillertal,/location,true,false,/destinations/zillertal,true,unreviewed,sitemap-redirect-mapping.csv,same-slug-content-record,/destinations/zillertal,
https://rockbusters.net/team-member/jan-novotny,/team-member/jan-novotny,/team-member,true,false,/team/jan-novotny,true,unreviewed,sitemap-redirect-mapping.csv,same-slug-content-record,/team/jan-novotny,
https://rockbusters.net/team-member/laszlo-juhasz,/team-member/laszlo-juhasz,/team-member,true,false,/team/laszlo-juhasz,true,unreviewed,sitemap-redirect-mapping.csv,same-slug-content-record,/team/laszlo-juhasz,
https://rockbusters.net/team-member/pablo-ruiz-seco,/team-member/pablo-ruiz-seco,/team-member,true,false,/team/pablo-ruiz-seco,true,unreviewed,sitemap-redirect-mapping.csv,same-slug-content-record,/team/pablo-ruiz-seco,
https://rockbusters.net/team-member/ritch-mayfield,/team-member/ritch-mayfield,/team-member,true,false,/team,true,reviewed-team-index-fallback,legacy-redirect-decisions.json,reviewed-team-index-fallback,/team,
https://rockbusters.net/team-member/petra-pivonkova,/team-member/petra-pivonkova,/team-member,true,false,/team/petra-pivonkova,true,unreviewed,sitemap-redirect-mapping.csv,same-slug-content-record,/team/petra-pivonkova,
https://rockbusters.net/team-member/maribel-vara,/team-member/maribel-vara,/team-member,true,false,/team,true,reviewed-team-index-fallback,legacy-redirect-decisions.json,reviewed-team-index-fallback,/team,
https://rockbusters.net/team-member/adam-ondra-pro-climber,/team-member/adam-ondra-pro-climber,/team-member,true,false,/team/adam-ondra-pro-climber,true,unreviewed,sitemap-redirect-mapping.csv,same-slug-content-record,/team/adam-ondra-pro-climber,
https://rockbusters.net/team-member/patxi-usobiaga-pro-climber,/team-member/patxi-usobiaga-pro-climber,/team-member,true,false,/team/patxi-usobiaga-pro-climber,true,unreviewed,sitemap-redirect-mapping.csv,same-slug-content-record,/team/patxi-usobiaga-pro-climber,
https://rockbusters.net/team-member/pablo-scorza-fyziotherapist-biomechanica-funcional,/team-member/pablo-scorza-fyziotherapist-biomechanica-funcional,/team-member,true,false,/team/pablo-scorza-fyziotherapist-biomechanica-funcional,true,unreviewed,sitemap-redirect-mapping.csv,same-slug-content-record,/team/pablo-scorza-fyziotherapist-biomechanica-funcional,
https://rockbusters.net/team-member/berengere-rapeneau,/team-member/berengere-rapeneau,/team-member,true,false,/team/berengere-rapeneau,true,unreviewed,sitemap-redirect-mapping.csv,same-slug-content-record,/team/berengere-rapeneau,
https://rockbusters.net/team-member/hazel-findlay,/team-member/hazel-findlay,/team-member,true,false,/team/hazel-findlay,true,unreviewed,sitemap-redirect-mapping.csv,same-slug-content-record,/team/hazel-findlay,
https://rockbusters.net/team-member/will-sim,/team-member/will-sim,/team-member,true,false,/team,true,reviewed-team-index-fallback,legacy-redirect-decisions.json,reviewed-team-index-fallback,/team,
https://rockbusters.net/team-member/klemen-becan,/team-member/klemen-becan,/team-member,true,false,/team/klemen-becan,true,unreviewed,sitemap-redirect-mapping.csv,same-slug-content-record,/team/klemen-becan,
https://rockbusters.net/team-member/michelle-o-loughlin,/team-member/michelle-o-loughlin,/team-member,true,false,/team,true,reviewed-team-index-fallback,legacy-redirect-decisions.json,reviewed-team-index-fallback,/team,
https://rockbusters.net/team-member/pavel-ryva,/team-member/pavel-ryva,/team-member,true,false,/team/pavel-ryva,true,unreviewed,sitemap-redirect-mapping.csv,same-slug-content-record,/team/pavel-ryva,
https://rockbusters.net/team-member/benjamin-brochard,/team-member/benjamin-brochard,/team-member,true,false,/team,true,reviewed-team-index-fallback,legacy-redirect-decisions.json,reviewed-team-index-fallback,/team,
https://rockbusters.net/team-member/linda-synakova,/team-member/linda-synakova,/team-member,true,false,/team/linda-synakova,true,unreviewed,sitemap-redirect-mapping.csv,same-slug-content-record,/team/linda-synakova,
https://rockbusters.net/blog/climber-performance-rating,/blog/climber-performance-rating,/blog,true,true,,false,unreviewed,,same-listed-path,/blog/climber-performance-rating,
https://rockbusters.net/blog/adam-ondra-teaches-epictv-climbing-presenter-how-to-climb-in-margalef,/blog/adam-ondra-teaches-epictv-climbing-presenter-how-to-climb-in-margalef,/blog,true,true,,false,unreviewed,,same-listed-path,/blog/adam-ondra-teaches-epictv-climbing-presenter-how-to-climb-in-margalef,
https://rockbusters.net/blog/video-pete-whittaker-climbing-el-capitan-rope-free-solo-in-under-24h,/blog/video-pete-whittaker-climbing-el-capitan-rope-free-solo-in-under-24h,/blog,true,true,,false,unreviewed,,same-listed-path,/blog/video-pete-whittaker-climbing-el-capitan-rope-free-solo-in-under-24h,
https://rockbusters.net/blog/edu-marin-bolts-the-biggest-roof-climb-in-the-world,/blog/edu-marin-bolts-the-biggest-roof-climb-in-the-world,/blog,true,true,,false,unreviewed,,same-listed-path,/blog/edu-marin-bolts-the-biggest-roof-climb-in-the-world,
https://rockbusters.net/blog/epictv-climbing-daily-rockbusters-physiotherapists-pablo-scorza-margalef,/blog/epictv-climbing-daily-rockbusters-physiotherapists-pablo-scorza-margalef,/blog,true,true,,false,unreviewed,,same-listed-path,/blog/epictv-climbing-daily-rockbusters-physiotherapists-pablo-scorza-margalef,
https://rockbusters.net/blog/klemen-becan-from-competitions-to-the-hardest-rock-climbing,/blog/klemen-becan-from-competitions-to-the-hardest-rock-climbing,/blog,true,true,,false,unreviewed,,same-listed-path,/blog/klemen-becan-from-competitions-to-the-hardest-rock-climbing,
https://rockbusters.net/blog/patxi-usobiaga-climbing-pachamama-9a-b,/blog/patxi-usobiaga-climbing-pachamama-9a-b,/blog,true,true,,false,unreviewed,,same-listed-path,/blog/patxi-usobiaga-climbing-pachamama-9a-b,
https://rockbusters.net/blog/27crags-from-passion-for-climbing-to-building-a-company,/blog/27crags-from-passion-for-climbing-to-building-a-company,/blog,true,true,,false,unreviewed,,same-listed-path,/blog/27crags-from-passion-for-climbing-to-building-a-company,
https://rockbusters.net/blog/hard-projecting-with-paul-robinson-jumpman-v14-8b,/blog/hard-projecting-with-paul-robinson-jumpman-v14-8b,/blog,true,true,,false,unreviewed,,same-listed-path,/blog/hard-projecting-with-paul-robinson-jumpman-v14-8b,
https://rockbusters.net/blog/movie-trailer-the-dawn-wall-with-tommy-caldwell-and-kevin-jorgeson,/blog/movie-trailer-the-dawn-wall-with-tommy-caldwell-and-kevin-jorgeson,/blog,true,true,,false,unreviewed,,same-listed-path,/blog/movie-trailer-the-dawn-wall-with-tommy-caldwell-and-kevin-jorgeson,
https://rockbusters.net/blog/the-benefits-of-pro-climbers-coaching,/blog/the-benefits-of-pro-climbers-coaching,/blog,true,true,,false,unreviewed,,same-listed-path,/blog/the-benefits-of-pro-climbers-coaching,
https://rockbusters.net/blog/adam-ondra-silence,/blog/adam-ondra-silence,/blog,true,true,,false,unreviewed,,same-listed-path,/blog/adam-ondra-silence,
https://rockbusters.net/blog/whats-europes-best-bouldering-destination,/blog/whats-europes-best-bouldering-destination,/blog,true,true,,false,unreviewed,,same-listed-path,/blog/whats-europes-best-bouldering-destination,
https://rockbusters.net/blog/category/promo,/blog/category/promo,/blog,true,true,/blog/category/promo,true,unreviewed,sitemap-redirect-mapping.csv,same-listed-path,/blog/category/promo,
https://rockbusters.net/blog/category/guest-post,/blog/category/guest-post,/blog,true,true,/blog/category/guest-post,true,unreviewed,sitemap-redirect-mapping.csv,same-listed-path,/blog/category/guest-post,
https://rockbusters.net/blog/category/collaboration,/blog/category/collaboration,/blog,true,true,/blog/category/collaboration,true,unreviewed,sitemap-redirect-mapping.csv,same-listed-path,/blog/category/collaboration,
https://rockbusters.net/blog/category/climbing-destinations,/blog/category/climbing-destinations,/blog,true,true,/blog/category/climbing-destinations,true,unreviewed,sitemap-redirect-mapping.csv,same-listed-path,/blog/category/climbing-destinations,
https://rockbusters.net/blog/category/trad-climbing,/blog/category/trad-climbing,/blog,true,true,/blog/category/trad-climbing,true,unreviewed,sitemap-redirect-mapping.csv,same-listed-path,/blog/category/trad-climbing,
https://rockbusters.net/blog/category/bouldering,/blog/category/bouldering,/blog,true,true,/blog/category/bouldering,true,live-200-self-canonical-empty-category,all-old-url-inventory.csv,same-path-existing-empty-category,/blog/category/bouldering,
https://rockbusters.net/blog/category/sport-climbing,/blog/category/sport-climbing,/blog,true,true,/blog/category/sport-climbing,true,unreviewed,sitemap-redirect-mapping.csv,same-listed-path,/blog/category/sport-climbing,
https://rockbusters.net/blog/category/video,/blog/category/video,/blog,true,true,/blog/category/video,true,live-200-self-canonical-empty-category,all-old-url-inventory.csv,same-path-existing-empty-category,/blog/category/video,
https://rockbusters.net/event-date/beginners-climbing--2018-07-07-167,/event-date/beginners-climbing--2018-07-07-167,/event-date,true,false,/trips?category=sport-climbing-courses,false,category-fallback-ready,legacy-redirect-decisions.json,,,category-fallback-ready
https://rockbusters.net/event/singing-rock-mobile-test-center,/event/singing-rock-mobile-test-center,/event,true,false,/trips,true,missing-target,legacy-redirect-decisions.json,,,approved-browse-fallback-not-equivalent
https://rockbusters.net/event/beginners-climbing,/event/beginners-climbing,/event,true,false,/trips/beginner-climbing-course,false,target-not-indexable-or-unverified,legacy-redirect-decisions.json,,,target-not-indexable-or-unverified
https://rockbusters.net/event/bouldering-albarracin,/event/bouldering-albarracin,/event,true,false,/trips/bouldering-albarracin,true,tier1-exact,tier1-redirect-readiness.csv,verified-tier1-identity,/trips/bouldering-albarracin,
https://rockbusters.net/event/trad-and-multipitch-climbing,/event/trad-and-multipitch-climbing,/event,true,false,/trips/multipitch-climbing-course,false,target-not-indexable-or-unverified,legacy-redirect-decisions.json,,,target-not-indexable-or-unverified
https://rockbusters.net/event/sandstone-climbing,/event/sandstone-climbing,/event,true,false,/trips/sandstone-climbing,false,target-not-indexable-or-unverified,legacy-redirect-decisions.json,,,target-not-indexable-or-unverified
https://rockbusters.net/event/climbing-coaching-on-sight-red-point,/event/climbing-coaching-on-sight-red-point,/event,true,false,/trips/climbing-coaching-on-sight-red-point,false,target-not-indexable-or-unverified,legacy-redirect-decisions.json,,,target-not-indexable-or-unverified
https://rockbusters.net/event/climbing-coaching-footwork-balance,/event/climbing-coaching-footwork-balance,/event,true,false,/trips/climbing-coaching-footwork-balance,false,target-not-indexable-or-unverified,legacy-redirect-decisions.json,,,target-not-indexable-or-unverified
https://rockbusters.net/event/climbing-coaching-overhangs,/event/climbing-coaching-overhangs,/event,true,false,/trips/climbing-coaching-overhangs,false,target-not-indexable-or-unverified,legacy-redirect-decisions.json,,,target-not-indexable-or-unverified
https://rockbusters.net/event/climbing-weekends,/event/climbing-weekends,/event,true,false,,false,missing-target,,,,missing-target
https://rockbusters.net/event/christmas-climbing-holiday,/event/christmas-climbing-holiday,/event,true,false,,false,missing-target,,,,missing-target
https://rockbusters.net/event/easter-climbing-in-sella,/event/easter-climbing-in-sella,/event,true,false,,false,missing-target,,,,missing-target
https://rockbusters.net/event/rockbusters-climbing-express,/event/rockbusters-climbing-express,/event,true,false,/trips,true,missing-target,legacy-redirect-decisions.json,,,approved-browse-fallback-not-equivalent
https://rockbusters.net/event/climbing-trip-spain,/event/climbing-trip-spain,/event,true,false,/trips/climbing-trip-spain,true,tier1-exact,tier1-redirect-readiness.csv,verified-tier1-identity,/trips/climbing-trip-spain,
https://rockbusters.net/event/rockbusters-private-guiding,/event/rockbusters-private-guiding,/event,true,false,/trips,true,missing-target,legacy-redirect-decisions.json,,,approved-browse-fallback-not-equivalent
https://rockbusters.net/event/adam-ondra-on-sight-red-point,/event/adam-ondra-on-sight-red-point,/event,true,false,/trips/adam-ondra-on-sight-red-point,false,target-not-indexable-or-unverified,legacy-redirect-decisions.json,,,target-not-indexable-or-unverified
https://rockbusters.net/event/patxi-usobiaga-training,/event/patxi-usobiaga-training,/event,true,false,/trips/patxi-usobiaga-training,false,target-not-indexable-or-unverified,legacy-redirect-decisions.json,,,target-not-indexable-or-unverified
https://rockbusters.net/event/biomechanica-funcional,/event/biomechanica-funcional,/event,true,false,,false,missing-target,,,,missing-target
https://rockbusters.net/event/adam-ondra-patxi-usobiaga-work-shop,/event/adam-ondra-patxi-usobiaga-work-shop,/event,true,false,,false,missing-target,,,,missing-target
https://rockbusters.net/event/daila-ojeda-climbing-work-shop,/event/daila-ojeda-climbing-work-shop,/event,true,false,,false,missing-target,,,,missing-target
https://rockbusters.net/event/hazel-findlay-mental-coaching,/event/hazel-findlay-mental-coaching,/event,true,false,/trips/hazel-findlay-mental-coaching,false,target-not-indexable-or-unverified,legacy-redirect-decisions.json,,,target-not-indexable-or-unverified
https://rockbusters.net/event/alpine-rock-climbing-in-chamonix,/event/alpine-rock-climbing-in-chamonix,/event,true,false,/trips/big-wall-climbing-in-chamonix,false,missing-target,legacy-redirect-decisions.json,,,missing-target
https://rockbusters.net/event/klemen-becan-performance-coaching-workshop,/event/klemen-becan-performance-coaching-workshop,/event,true,false,/trips/climbing-technique-mental-coaching,true,tier1-exact,tier1-redirect-readiness.csv,verified-tier1-identity,/trips/climbing-technique-mental-coaching,
https://rockbusters.net/event/klemen-becan-performance-coaching-privat,/event/klemen-becan-performance-coaching-privat,/event,true,false,/trips,true,missing-target,legacy-redirect-decisions.json,,,approved-browse-fallback-not-equivalent
https://rockbusters.net/event/deep-water-solo-sailing-mallorca,/event/deep-water-solo-sailing-mallorca,/event,true,false,,false,missing-target,,,,missing-target
https://rockbusters.net/event/rockbusters-summer-2018,/event/rockbusters-summer-2018,/event,true,false,/trips,true,missing-target,legacy-redirect-decisions.json,,,approved-browse-fallback-not-equivalent
https://rockbusters.net/event-date/klemen-becan-performance-coaching-workshop--2018-07-14-203,/event-date/klemen-becan-performance-coaching-workshop--2018-07-14-203,/event-date,true,false,/trips?category=performance-technique-camps,false,category-fallback-ready,legacy-redirect-decisions.json,,,category-fallback-ready
https://rockbusters.net/event-date/climbing-trip-europe--2018-08-25-183,/event-date/climbing-trip-europe--2018-08-25-183,/event-date,true,false,/trips?category=expeditions,false,category-fallback-ready,legacy-redirect-decisions.json,,,category-fallback-ready
https://rockbusters.net/event-date/sport-climbing--2018-10-06-188,/event-date/sport-climbing--2018-10-06-188,/event-date,true,false,/trips?category=sport-climbing-holidays,false,category-fallback-ready,legacy-redirect-decisions.json,,,category-fallback-ready
https://rockbusters.net/event-date/beginners-climbing--2018-07-07-214,/event-date/beginners-climbing--2018-07-07-214,/event-date,true,false,/trips/beginner-climbing-course/sella,true,ready-indexable-equivalent-variant,all-old-url-inventory.csv,historical-equivalent-variant,/trips/beginner-climbing-course/sella,
https://rockbusters.net/event-date/klemen-becan-performance-coaching-workshop--2018-05-19-182,/event-date/klemen-becan-performance-coaching-workshop--2018-05-19-182,/event-date,true,false,/trips/climbing-technique-mental-coaching/rodellar,true,ready-indexable-equivalent-variant,all-old-url-inventory.csv,historical-equivalent-variant,/trips/climbing-technique-mental-coaching/rodellar,
https://rockbusters.net/event-date/girls-climbing--2018-06-09-174,/event-date/girls-climbing--2018-06-09-174,/event-date,true,false,/trips?category=sport-climbing-holidays,false,category-fallback-ready,legacy-redirect-decisions.json,,,category-fallback-ready
https://rockbusters.net/event-date/climbing-trip-spain--2018-04-14-151,/event-date/climbing-trip-spain--2018-04-14-151,/event-date,true,false,/trips/climbing-trip-spain/margalef,true,ready-indexable-equivalent-variant,all-old-url-inventory.csv,historical-equivalent-variant,/trips/climbing-trip-spain/margalef,
https://rockbusters.net/event-date/bouldering-albarracin--2018-04-07-154,/event-date/bouldering-albarracin--2018-04-07-154,/event-date,true,false,/trips/bouldering-albarracin/albarracin,true,ready-indexable-equivalent-variant,all-old-url-inventory.csv,historical-equivalent-variant,/trips/bouldering-albarracin/albarracin,
https://rockbusters.net/event-date/adam-ondra-patxi-usobiaga-work-shop--2018-03-17-140,/event-date/adam-ondra-patxi-usobiaga-work-shop--2018-03-17-140,/event-date,true,false,/trips?category=performance-technique-camps,false,category-fallback-ready,legacy-redirect-decisions.json,,,category-fallback-ready
https://rockbusters.net/event-date/adam-ondra-patxi-usobiaga-work-shop--2018-03-10-132,/event-date/adam-ondra-patxi-usobiaga-work-shop--2018-03-10-132,/event-date,true,false,/trips?category=performance-technique-camps,false,category-fallback-ready,legacy-redirect-decisions.json,,,category-fallback-ready
https://rockbusters.net/event-date/climbing-trip-spain--2018-03-31-133,/event-date/climbing-trip-spain--2018-03-31-133,/event-date,true,false,/trips?category=expeditions,false,category-fallback-ready,legacy-redirect-decisions.json,,,category-fallback-ready
https://rockbusters.net/event-date/climbing-trip-spain--2018-04-07-142,/event-date/climbing-trip-spain--2018-04-07-142,/event-date,true,false,/trips?category=expeditions,false,category-fallback-ready,legacy-redirect-decisions.json,,,category-fallback-ready
https://rockbusters.net/event-date/sandstone-climbing--2018-06-23-178,/event-date/sandstone-climbing--2018-06-23-178,/event-date,true,false,/trips?category=trad-multipitch,false,category-fallback-empty-category,legacy-redirect-decisions.json,,,category-fallback-empty-category
https://rockbusters.net/team-member/daila-ojeda-pro-climber,/team-member/daila-ojeda-pro-climber,/team-member,true,false,/team/daila-ojeda-pro-climber,true,unreviewed,sitemap-redirect-mapping.csv,same-slug-content-record,/team/daila-ojeda-pro-climber,
https://rockbusters.net/event-date/bouldering-albarracin--2026-10-31-894/,/event-date/bouldering-albarracin--2026-10-31-894,/event-date,false,false,/trips/bouldering-albarracin/albarracin?date=2026-10-31-to-2026-11-14,true,tier1-exact,tier1-redirect-readiness.csv,verified-tier1-identity,/trips/bouldering-albarracin/albarracin?date=2026-10-31-to-2026-11-14,
https://rockbusters.net/event-date/europe-rock-climbing-trip--2026-09-19-784/,/event-date/europe-rock-climbing-trip--2026-09-19-784,/event-date,false,false,/trips/europe-rock-climbing-trip/gorges-du-tarn?date=2026-09-19-to-2026-09-26,true,tier1-exact,tier1-redirect-readiness.csv,verified-tier1-identity,/trips/europe-rock-climbing-trip/gorges-du-tarn?date=2026-09-19-to-2026-09-26,
https://rockbusters.net/event-date/europe-rock-climbing-trip--2026-09-26-783/,/event-date/europe-rock-climbing-trip--2026-09-26-783,/event-date,false,false,/trips/europe-rock-climbing-trip/margalef?date=2026-09-26-to-2026-10-03,true,tier1-exact,tier1-redirect-readiness.csv,verified-tier1-identity,/trips/europe-rock-climbing-trip/margalef?date=2026-09-26-to-2026-10-03,
https://rockbusters.net/event-date/europe-rock-climbing-trip--2026-10-03-782/,/event-date/europe-rock-climbing-trip--2026-10-03-782,/event-date,false,false,/trips/europe-rock-climbing-trip/rodellar?date=2026-10-03-to-2026-10-10,true,tier1-exact,tier1-redirect-readiness.csv,verified-tier1-identity,/trips/europe-rock-climbing-trip/rodellar?date=2026-10-03-to-2026-10-10,
https://rockbusters.net/event-date/europe-rock-climbing-trip--2027-08-21-829/,/event-date/europe-rock-climbing-trip--2027-08-21-829,/event-date,false,false,/trips/europe-rock-climbing-trip/labske-udoli?date=2027-08-21-to-2027-08-28,true,tier1-exact,tier1-redirect-readiness.csv,verified-tier1-identity,/trips/europe-rock-climbing-trip/labske-udoli?date=2027-08-21-to-2027-08-28,
https://rockbusters.net/event-date/europe-rock-climbing-trip--2027-08-28-830/,/event-date/europe-rock-climbing-trip--2027-08-28-830,/event-date,false,false,/trips/europe-rock-climbing-trip/frankenjura?date=2027-08-28-to-2027-09-04,true,tier1-exact,tier1-redirect-readiness.csv,verified-tier1-identity,/trips/europe-rock-climbing-trip/frankenjura?date=2027-08-28-to-2027-09-04,
https://rockbusters.net/event-date/europe-rock-climbing-trip--2027-09-04-831/,/event-date/europe-rock-climbing-trip--2027-09-04-831,/event-date,false,false,/trips/europe-rock-climbing-trip/zillertal?date=2027-09-04-to-2027-09-11,true,tier1-exact,tier1-redirect-readiness.csv,verified-tier1-identity,/trips/europe-rock-climbing-trip/zillertal?date=2027-09-04-to-2027-09-11,
https://rockbusters.net/event-date/europe-rock-climbing-trip--2027-09-11-832/,/event-date/europe-rock-climbing-trip--2027-09-11-832,/event-date,false,false,/trips/europe-rock-climbing-trip/finale-ligure?date=2027-09-11-to-2027-09-18,true,tier1-exact,tier1-redirect-readiness.csv,verified-tier1-identity,/trips/europe-rock-climbing-trip/finale-ligure?date=2027-09-11-to-2027-09-18,
https://rockbusters.net/event-date/europe-rock-climbing-trip--2027-09-18-833/,/event-date/europe-rock-climbing-trip--2027-09-18-833,/event-date,false,false,/trips/europe-rock-climbing-trip/ceuse?date=2027-09-18-to-2027-09-25,true,tier1-exact,tier1-redirect-readiness.csv,verified-tier1-identity,/trips/europe-rock-climbing-trip/ceuse?date=2027-09-18-to-2027-09-25,
https://rockbusters.net/event-date/europe-rock-climbing-trip--2027-09-25-834/,/event-date/europe-rock-climbing-trip--2027-09-25-834,/event-date,false,false,/trips/europe-rock-climbing-trip/gorges-du-tarn?date=2027-09-25-to-2027-10-02,true,tier1-exact,tier1-redirect-readiness.csv,verified-tier1-identity,/trips/europe-rock-climbing-trip/gorges-du-tarn?date=2027-09-25-to-2027-10-02,
https://rockbusters.net/event-date/europe-rock-climbing-trip--2027-10-02-835/,/event-date/europe-rock-climbing-trip--2027-10-02-835,/event-date,false,false,/trips/europe-rock-climbing-trip/margalef?date=2027-10-02-to-2027-10-09,true,tier1-exact,tier1-redirect-readiness.csv,verified-tier1-identity,/trips/europe-rock-climbing-trip/margalef?date=2027-10-02-to-2027-10-09,
https://rockbusters.net/event-date/europe-rock-climbing-trip--2027-08-21-828/,/event-date/europe-rock-climbing-trip--2027-08-21-828,/event-date,false,false,/trips/europe-rock-climbing-trip/europe-tour?date=2027-08-21-to-2027-10-16,true,tier1-exact,tier1-redirect-readiness.csv,verified-tier1-identity,/trips/europe-rock-climbing-trip/europe-tour?date=2027-08-21-to-2027-10-16,
https://rockbusters.net/event-date/europe-rock-climbing-trip--2027-10-09-836/,/event-date/europe-rock-climbing-trip--2027-10-09-836,/event-date,false,false,/trips/europe-rock-climbing-trip/rodellar?date=2027-10-09-to-2027-10-16,true,tier1-exact,tier1-redirect-readiness.csv,verified-tier1-identity,/trips/europe-rock-climbing-trip/rodellar?date=2027-10-09-to-2027-10-16,
https://rockbusters.net/event-date/climbing-trip-spain--2027-02-20-859/,/event-date/climbing-trip-spain--2027-02-20-859,/event-date,false,false,/trips/climbing-trip-spain/sella?date=2027-02-20-to-2027-02-27,true,tier1-exact,tier1-redirect-readiness.csv,verified-tier1-identity,/trips/climbing-trip-spain/sella?date=2027-02-20-to-2027-02-27,
https://rockbusters.net/event-date/climbing-trip-spain--2027-02-27-860/,/event-date/climbing-trip-spain--2027-02-27-860,/event-date,false,false,/trips/climbing-trip-spain/chulilla?date=2027-02-27-to-2027-03-06,true,tier1-exact,tier1-redirect-readiness.csv,verified-tier1-identity,/trips/climbing-trip-spain/chulilla?date=2027-02-27-to-2027-03-06,
https://rockbusters.net/event-date/climbing-trip-spain--2027-03-06-861/,/event-date/climbing-trip-spain--2027-03-06-861,/event-date,false,false,/trips/climbing-trip-spain/siurana?date=2027-03-06-to-2027-03-13,true,tier1-exact,tier1-redirect-readiness.csv,verified-tier1-identity,/trips/climbing-trip-spain/siurana?date=2027-03-06-to-2027-03-13,
https://rockbusters.net/event-date/climbing-trip-spain--2027-02-20-858/,/event-date/climbing-trip-spain--2027-02-20-858,/event-date,false,false,/trips/climbing-trip-spain/spain-tour?date=2027-02-20-to-2027-03-20,true,tier1-exact,tier1-redirect-readiness.csv,verified-tier1-identity,/trips/climbing-trip-spain/spain-tour?date=2027-02-20-to-2027-03-20,
https://rockbusters.net/event-date/climbing-trip-spain--2027-03-13-862/,/event-date/climbing-trip-spain--2027-03-13-862,/event-date,false,false,/trips/climbing-trip-spain/margalef?date=2027-03-13-to-2027-03-20,true,tier1-exact,tier1-redirect-readiness.csv,verified-tier1-identity,/trips/climbing-trip-spain/margalef?date=2027-03-13-to-2027-03-20,
https://rockbusters.net/event-date/deep-water-solo-mallorca--2026-09-26-840/,/event-date/deep-water-solo-mallorca--2026-09-26-840,/event-date,false,false,/trips/deep-water-solo-mallorca/mallorca?date=2026-09-26-to-2026-10-03,true,tier1-exact,tier1-redirect-readiness.csv,verified-tier1-identity,/trips/deep-water-solo-mallorca/mallorca?date=2026-09-26-to-2026-10-03,
https://rockbusters.net/event-date/deep-water-solo-mallorca--2026-10-03-841/,/event-date/deep-water-solo-mallorca--2026-10-03-841,/event-date,false,false,/trips/deep-water-solo-mallorca/mallorca?date=2026-10-03-to-2026-10-10,true,tier1-exact,tier1-redirect-readiness.csv,verified-tier1-identity,/trips/deep-water-solo-mallorca/mallorca?date=2026-10-03-to-2026-10-10,
https://rockbusters.net/event-date/deep-water-solo-mallorca--2026-09-26-842/,/event-date/deep-water-solo-mallorca--2026-09-26-842,/event-date,false,false,/trips/deep-water-solo-mallorca/mallorca?date=2026-09-26-to-2026-10-10,true,tier1-exact,tier1-redirect-readiness.csv,verified-tier1-identity,/trips/deep-water-solo-mallorca/mallorca?date=2026-09-26-to-2026-10-10,
https://rockbusters.net/event-date/woman-climbing--2026-10-17-846/,/event-date/woman-climbing--2026-10-17-846,/event-date,false,false,/trips/woman-climbing/cuenca?date=2026-10-17-to-2026-10-24,true,tier1-exact,tier1-redirect-readiness.csv,verified-tier1-identity,/trips/woman-climbing/cuenca?date=2026-10-17-to-2026-10-24,
https://rockbusters.net/event-date/woman-climbing--2027-03-20-871/,/event-date/woman-climbing--2027-03-20-871,/event-date,false,false,/trips/woman-climbing/cuenca?date=2027-03-20-to-2027-03-27,true,tier1-exact,tier1-redirect-readiness.csv,verified-tier1-identity,/trips/woman-climbing/cuenca?date=2027-03-20-to-2027-03-27,
https://rockbusters.net/event-date/woman-climbing--2027-10-09-872/,/event-date/woman-climbing--2027-10-09-872,/event-date,false,false,/trips/woman-climbing/cuenca?date=2027-10-09-to-2027-10-16,true,tier1-exact,tier1-redirect-readiness.csv,verified-tier1-identity,/trips/woman-climbing/cuenca?date=2027-10-09-to-2027-10-16,
https://rockbusters.net/event-date/climbing-technique-mental-coaching--2026-11-14-844/,/event-date/climbing-technique-mental-coaching--2026-11-14-844,/event-date,false,false,/trips/climbing-technique-mental-coaching/kyparissi?date=2026-11-14-to-2026-11-21,true,tier1-exact,tier1-redirect-readiness.csv,verified-tier1-identity,/trips/climbing-technique-mental-coaching/kyparissi?date=2026-11-14-to-2026-11-21,
https://rockbusters.net/event-date/climbing-technique-mental-coaching--2026-11-14-843/,/event-date/climbing-technique-mental-coaching--2026-11-14-843,/event-date,false,false,/trips/climbing-technique-mental-coaching/kyparissi?date=2026-11-14-to-2026-11-28,true,tier1-exact,tier1-redirect-readiness.csv,verified-tier1-identity,/trips/climbing-technique-mental-coaching/kyparissi?date=2026-11-14-to-2026-11-28,
https://rockbusters.net/event-date/climbing-technique-mental-coaching--2026-11-21-845/,/event-date/climbing-technique-mental-coaching--2026-11-21-845,/event-date,false,false,/trips/climbing-technique-mental-coaching/kyparissi?date=2026-11-21-to-2026-11-28,true,tier1-exact,tier1-redirect-readiness.csv,verified-tier1-identity,/trips/climbing-technique-mental-coaching/kyparissi?date=2026-11-21-to-2026-11-28,
https://rockbusters.net/event-date/climbing-technique-mental-coaching--2027-05-08-826/,/event-date/climbing-technique-mental-coaching--2027-05-08-826,/event-date,false,false,/trips/climbing-technique-mental-coaching/rodellar?date=2027-05-08-to-2027-05-15,true,tier1-exact,tier1-redirect-readiness.csv,verified-tier1-identity,/trips/climbing-technique-mental-coaching/rodellar?date=2027-05-08-to-2027-05-15,
https://rockbusters.net/event-date/climbing-technique-mental-coaching--2027-05-08-825/,/event-date/climbing-technique-mental-coaching--2027-05-08-825,/event-date,false,false,/trips/climbing-technique-mental-coaching/rodellar?date=2027-05-08-to-2027-05-22,true,tier1-exact,tier1-redirect-readiness.csv,verified-tier1-identity,/trips/climbing-technique-mental-coaching/rodellar?date=2027-05-08-to-2027-05-22,
https://rockbusters.net/event-date/climbing-technique-mental-coaching--2027-05-15-827/,/event-date/climbing-technique-mental-coaching--2027-05-15-827,/event-date,false,false,/trips/climbing-technique-mental-coaching/rodellar?date=2027-05-15-to-2027-05-22,true,tier1-exact,tier1-redirect-readiness.csv,verified-tier1-identity,/trips/climbing-technique-mental-coaching/rodellar?date=2027-05-15-to-2027-05-22,
https://rockbusters.net/event-date/sport-climbing--2026-09-26-752/,/event-date/sport-climbing--2026-09-26-752,/event-date,false,false,/trips/sport-climbing/kalymnos?date=2026-09-26-to-2026-10-03,true,tier1-exact,tier1-redirect-readiness.csv,verified-tier1-identity,/trips/sport-climbing/kalymnos?date=2026-09-26-to-2026-10-03,
https://rockbusters.net/event-date/sport-climbing--2026-10-03-852/,/event-date/sport-climbing--2026-10-03-852,/event-date,false,false,/trips/sport-climbing/kalymnos?date=2026-10-03-to-2026-10-10,true,tier1-exact,tier1-redirect-readiness.csv,verified-tier1-identity,/trips/sport-climbing/kalymnos?date=2026-10-03-to-2026-10-10,
https://rockbusters.net/event-date/sport-climbing--2026-09-26-853/,/event-date/sport-climbing--2026-09-26-853,/event-date,false,false,/trips/sport-climbing/kalymnos?date=2026-09-26-to-2026-10-10,true,tier1-exact,tier1-redirect-readiness.csv,verified-tier1-identity,/trips/sport-climbing/kalymnos?date=2026-09-26-to-2026-10-10,
https://rockbusters.net/event-date/sport-climbing--2026-12-19-820/,/event-date/sport-climbing--2026-12-19-820,/event-date,false,false,/trips/sport-climbing/sella?date=2026-12-19-to-2026-12-26,true,tier1-exact,tier1-redirect-readiness.csv,verified-tier1-identity,/trips/sport-climbing/sella?date=2026-12-19-to-2026-12-26,
https://rockbusters.net/event-date/sport-climbing--2026-12-19-819/,/event-date/sport-climbing--2026-12-19-819,/event-date,false,false,/trips/sport-climbing/sella?date=2026-12-19-to-2027-01-02,true,tier1-exact,tier1-redirect-readiness.csv,verified-tier1-identity,/trips/sport-climbing/sella?date=2026-12-19-to-2027-01-02,
https://rockbusters.net/event-date/sport-climbing--2026-12-26-821/,/event-date/sport-climbing--2026-12-26-821,/event-date,false,false,/trips/sport-climbing/sella?date=2026-12-26-to-2027-01-02,true,tier1-exact,tier1-redirect-readiness.csv,verified-tier1-identity,/trips/sport-climbing/sella?date=2026-12-26-to-2027-01-02,
https://rockbusters.net/event-date/sport-climbing--2027-01-23-864/,/event-date/sport-climbing--2027-01-23-864,/event-date,false,false,/trips/sport-climbing/leonidio?date=2027-01-23-to-2027-01-30,true,tier1-exact,tier1-redirect-readiness.csv,verified-tier1-identity,/trips/sport-climbing/leonidio?date=2027-01-23-to-2027-01-30,
https://rockbusters.net/event-date/sport-climbing--2027-01-23-812/,/event-date/sport-climbing--2027-01-23-812,/event-date,false,false,/trips/sport-climbing/leonidio?date=2027-01-23-to-2027-02-06,true,tier1-exact,tier1-redirect-readiness.csv,verified-tier1-identity,/trips/sport-climbing/leonidio?date=2027-01-23-to-2027-02-06,
https://rockbusters.net/event-date/sport-climbing--2027-01-30-865/,/event-date/sport-climbing--2027-01-30-865,/event-date,false,false,/trips/sport-climbing/leonidio?date=2027-01-30-to-2027-02-06,true,tier1-exact,tier1-redirect-readiness.csv,verified-tier1-identity,/trips/sport-climbing/leonidio?date=2027-01-30-to-2027-02-06,
https://rockbusters.net/event-date/sport-climbing--2027-03-20-823/,/event-date/sport-climbing--2027-03-20-823,/event-date,false,false,/trips/sport-climbing/istria?date=2027-03-20-to-2027-03-27,true,tier1-exact,tier1-redirect-readiness.csv,verified-tier1-identity,/trips/sport-climbing/istria?date=2027-03-20-to-2027-03-27,
https://rockbusters.net/event-date/sport-climbing--2027-03-20-822/,/event-date/sport-climbing--2027-03-20-822,/event-date,false,false,/trips/sport-climbing/istria?date=2027-03-20-to-2027-04-03,true,tier1-exact,tier1-redirect-readiness.csv,verified-tier1-identity,/trips/sport-climbing/istria?date=2027-03-20-to-2027-04-03,
https://rockbusters.net/event-date/sport-climbing--2027-03-27-824/,/event-date/sport-climbing--2027-03-27-824,/event-date,false,false,/trips/sport-climbing/istria?date=2027-03-27-to-2027-04-03,true,tier1-exact,tier1-redirect-readiness.csv,verified-tier1-identity,/trips/sport-climbing/istria?date=2027-03-27-to-2027-04-03,
https://rockbusters.net/event-date/sport-climbing--2027-04-17-892/,/event-date/sport-climbing--2027-04-17-892,/event-date,false,false,/trips/sport-climbing/finale-ligure?date=2027-04-17-to-2027-04-24,true,tier1-exact,tier1-redirect-readiness.csv,verified-tier1-identity,/trips/sport-climbing/finale-ligure?date=2027-04-17-to-2027-04-24,
https://rockbusters.net/event-date/sport-climbing--2027-04-17-891/,/event-date/sport-climbing--2027-04-17-891,/event-date,false,false,/trips/sport-climbing/finale-ligure?date=2027-04-17-to-2027-05-01,true,tier1-exact,tier1-redirect-readiness.csv,verified-tier1-identity,/trips/sport-climbing/finale-ligure?date=2027-04-17-to-2027-05-01,
https://rockbusters.net/event-date/sport-climbing--2027-04-24-893/,/event-date/sport-climbing--2027-04-24-893,/event-date,false,false,/trips/sport-climbing/finale-ligure?date=2027-04-24-to-2027-05-01,true,tier1-exact,tier1-redirect-readiness.csv,verified-tier1-identity,/trips/sport-climbing/finale-ligure?date=2027-04-24-to-2027-05-01,
https://rockbusters.net/event-date/sport-climbing--2027-06-19-878/,/event-date/sport-climbing--2027-06-19-878,/event-date,false,false,/trips/sport-climbing/dolomites?date=2027-06-19-to-2027-06-26,true,tier1-exact,tier1-redirect-readiness.csv,verified-tier1-identity,/trips/sport-climbing/dolomites?date=2027-06-19-to-2027-06-26,
https://rockbusters.net/event-date/sport-climbing--2027-06-26-879/,/event-date/sport-climbing--2027-06-26-879,/event-date,false,false,/trips/sport-climbing/dolomites?date=2027-06-26-to-2027-07-03,true,tier1-exact,tier1-redirect-readiness.csv,verified-tier1-identity,/trips/sport-climbing/dolomites?date=2027-06-26-to-2027-07-03,
https://rockbusters.net/event-date/sport-climbing--2027-06-19-880/,/event-date/sport-climbing--2027-06-19-880,/event-date,false,false,/trips/sport-climbing/dolomites?date=2027-06-19-to-2027-07-03,true,tier1-exact,tier1-redirect-readiness.csv,verified-tier1-identity,/trips/sport-climbing/dolomites?date=2027-06-19-to-2027-07-03,
https://rockbusters.net/event-date/sport-climbing--2027-07-24-881/,/event-date/sport-climbing--2027-07-24-881,/event-date,false,false,/trips/sport-climbing/dolomites?date=2027-07-24-to-2027-07-31,true,tier1-exact,tier1-redirect-readiness.csv,verified-tier1-identity,/trips/sport-climbing/dolomites?date=2027-07-24-to-2027-07-31,
https://rockbusters.net/event-date/sport-climbing--2027-07-24-882/,/event-date/sport-climbing--2027-07-24-882,/event-date,false,false,/trips/sport-climbing/dolomites?date=2027-07-24-to-2027-08-07,true,tier1-exact,tier1-redirect-readiness.csv,verified-tier1-identity,/trips/sport-climbing/dolomites?date=2027-07-24-to-2027-08-07,
https://rockbusters.net/event-date/sport-climbing--2027-07-31-883/,/event-date/sport-climbing--2027-07-31-883,/event-date,false,false,/trips/sport-climbing/dolomites?date=2027-07-31-to-2027-08-07,true,tier1-exact,tier1-redirect-readiness.csv,verified-tier1-identity,/trips/sport-climbing/dolomites?date=2027-07-31-to-2027-08-07,
