design_file,section,present,heading,eyebrow,nested_labels_or_columns
PROJECT ESPANA/rockbusters_espana_chulilla.html,Hero,True,PROJECT ESPAÑA 2027 CHULILLA,,
PROJECT ESPANA/rockbusters_espana_chulilla.html,Hero pricing summary,True,,,Dates | Duration | Location | Level | Coach
PROJECT ESPANA/rockbusters_espana_chulilla.html,Facts strip,True,,,Turia River Canyon | 7 Days | Longest Single Pitches | Min. Participants | Week 2 of the 4-Week Trip
PROJECT ESPANA/rockbusters_espana_chulilla.html,Overview,True,Where Endurance Gets Built,About This Leg,
PROJECT ESPANA/rockbusters_espana_chulilla.html,Overview fact tiles,True,,,Duration | Location | Route Length | Group Size | Coach | Price
PROJECT ESPANA/rockbusters_espana_chulilla.html,Other dates / route schedule / related notice,True,Project España 2027 — Full Schedule,The Full Journey,
PROJECT ESPANA/rockbusters_espana_chulilla.html,Gallery,True,"Tufas, Canyon Walls & Sustained Pump","Real Rock, Real Chulilla",
PROJECT ESPANA/rockbusters_espana_chulilla.html,Audience,True,Built for the Endurance-Curious,Who Should Show Up,The Sella Graduate | The Efficiency Seeker | The Medieval Village Romantic
PROJECT ESPANA/rockbusters_espana_chulilla.html,Learning pillars,True,Three Skills Worth the Pump,The Coaching,Technique | Mental Game | Tactics
PROJECT ESPANA/rockbusters_espana_chulilla.html,Programme / daily flow,True,A Typical Day,Daily Structure,
PROJECT ESPANA/rockbusters_espana_chulilla.html,Programme companion panel,True,Which Format?,1 Week vs Full Trip,"What's Included | 1 Week €1,050 | Full Trip €3,550"
PROJECT ESPANA/rockbusters_espana_chulilla.html,Venue / route area,True,"Chulilla, Spain",The Venue,
PROJECT ESPANA/rockbusters_espana_chulilla.html,Coaches / guides,True,World-Class Coaching,Your Coach,
PROJECT ESPANA/rockbusters_espana_chulilla.html,Reviews,True,What Past Climbers Say,Results,
PROJECT ESPANA/rockbusters_espana_chulilla.html,Practical logistics,True,We Sorted the Boring Bits,Accommodation & Logistics,Accommodation | Getting There | Gear | Group Size
PROJECT ESPANA/rockbusters_espana_chulilla.html,Inclusions / package,True,Full Package,What's Included,
PROJECT ESPANA/rockbusters_espana_chulilla.html,FAQ,True,Common Questions,FAQ,
PROJECT ESPANA/rockbusters_espana_chulilla.html,Closing booking CTA,True,Ready to Build Some Endurance?,Reserve Your Place,"Reserve Your Place | Read the Programme | Book Now — €1,050"
PROJECT ESPANA/rockbusters_espana_margalef.html,Hero,True,PROJECT ESPAÑA 2027 MARGALEF,,
PROJECT ESPANA/rockbusters_espana_margalef.html,Hero pricing summary,True,,,Dates | Duration | Location | Level | Coach
PROJECT ESPANA/rockbusters_espana_margalef.html,Facts strip,True,,,Pocket Paradise | 7 Days | Routes | Min. Participants | Week 4 of 4 — The Finale
PROJECT ESPANA/rockbusters_espana_margalef.html,Overview,True,Where the Journey Gets Tested,About This Leg,
PROJECT ESPANA/rockbusters_espana_margalef.html,Overview fact tiles,True,,,Duration | Location | Routes | Group Size | Coach | Price
PROJECT ESPANA/rockbusters_espana_margalef.html,Other dates / route schedule / related notice,True,Project España 2027 — Full Schedule,The Full Journey,
PROJECT ESPANA/rockbusters_espana_margalef.html,Gallery,True,"Pockets, Power & The Finish Line","Real Rock, Real Margalef",
PROJECT ESPANA/rockbusters_espana_margalef.html,Audience,True,Built for the Trip's Last Send,Who Should Show Up,The Full-Trip Finisher | The Pocket Puller | The Community Seeker
PROJECT ESPANA/rockbusters_espana_margalef.html,Learning pillars,True,Three Skills Worth the Finale,The Coaching,Technique | Mental Game | Tactics
PROJECT ESPANA/rockbusters_espana_margalef.html,Programme / daily flow,True,A Typical Day,Daily Structure,
PROJECT ESPANA/rockbusters_espana_margalef.html,Programme companion panel,True,Which Format?,1 Week vs Full Trip,"What's Included | 1 Week €1,050 | Full Trip €3,550"
PROJECT ESPANA/rockbusters_espana_margalef.html,Venue / route area,True,"Margalef, Spain",The Venue,
PROJECT ESPANA/rockbusters_espana_margalef.html,Coaches / guides,True,World-Class Coaching,Your Coach,
PROJECT ESPANA/rockbusters_espana_margalef.html,Reviews,True,What Past Climbers Say,Results,
PROJECT ESPANA/rockbusters_espana_margalef.html,Practical logistics,True,We Sorted the Boring Bits,Accommodation & Logistics,Accommodation | Getting There | Gear | Group Size
PROJECT ESPANA/rockbusters_espana_margalef.html,Inclusions / package,True,Full Package,What's Included,
PROJECT ESPANA/rockbusters_espana_margalef.html,FAQ,True,Common Questions,FAQ,
PROJECT ESPANA/rockbusters_espana_margalef.html,Closing booking CTA,True,Ready for the Grand Finale?,Reserve Your Place,"Reserve Your Place | Read the Programme | Book Now — €1,050"
PROJECT ESPANA/rockbusters_espana_sella.html,Hero,True,PROJECT ESPAÑA 2027 SELLA,,
PROJECT ESPANA/rockbusters_espana_sella.html,Hero pricing summary,True,,,Dates | Duration | Location | Level | Coach
PROJECT ESPANA/rockbusters_espana_sella.html,Facts strip,True,,,"Costa Blanca, Spain | 7 Days | Min. Lead Grade | Min. Participants | Week 1 of the 4-Week Trip"
PROJECT ESPANA/rockbusters_espana_sella.html,Overview,True,Where the Journey Begins,About This Leg,
PROJECT ESPANA/rockbusters_espana_sella.html,Overview fact tiles,True,,,Duration | Location | Min. Lead Grade | Group Size | Coach | Price
PROJECT ESPANA/rockbusters_espana_sella.html,Other dates / route schedule / related notice,True,Project España 2027 — Full Schedule,The Full Journey,
PROJECT ESPANA/rockbusters_espana_sella.html,Gallery,True,"Pockets, Village Life & The Foundation","Real Rock, Real Sella",
PROJECT ESPANA/rockbusters_espana_sella.html,Audience,True,Built for the Trip Starters,Who Should Show Up,The Trip Starter | The Foundation Builder | The Village Life Seeker
PROJECT ESPANA/rockbusters_espana_sella.html,Learning pillars,True,Three Skills Worth the Foundation,The Coaching,Technique | Mental Game | Tactics
PROJECT ESPANA/rockbusters_espana_sella.html,Programme / daily flow,True,A Typical Day,Daily Structure,
PROJECT ESPANA/rockbusters_espana_sella.html,Programme companion panel,True,Which Format?,1 Week vs Full Trip,"What's Included | 1 Week €1,050 | Full Trip €3,550"
PROJECT ESPANA/rockbusters_espana_sella.html,Venue / route area,True,"Sella, Spain",The Venue,
PROJECT ESPANA/rockbusters_espana_sella.html,Coaches / guides,True,World-Class Coaching,Your Coach,
PROJECT ESPANA/rockbusters_espana_sella.html,Reviews,True,What Past Climbers Say,Results,
PROJECT ESPANA/rockbusters_espana_sella.html,Practical logistics,True,We Sorted the Boring Bits,Accommodation & Logistics,Accommodation | Getting There | Gear | Group Size
PROJECT ESPANA/rockbusters_espana_sella.html,Inclusions / package,True,Full Package,What's Included,
PROJECT ESPANA/rockbusters_espana_sella.html,FAQ,True,Common Questions,FAQ,
PROJECT ESPANA/rockbusters_espana_sella.html,Closing booking CTA,True,Ready to Start in Sella?,Reserve Your Place,"Reserve Your Place | Read the Programme | Book Now — €1,050"
PROJECT ESPANA/rockbusters_espana_siurana.html,Hero,True,PROJECT ESPAÑA 2027 SIURANA,,
PROJECT ESPANA/rockbusters_espana_siurana.html,Hero pricing summary,True,,,Dates | Duration | Location | Level | Coach
PROJECT ESPANA/rockbusters_espana_siurana.html,Facts strip,True,,,Historic Catalan Limestone | 7 Days | Crimps & Precision | Min. Participants | Week 3 of the 4-Week Trip
PROJECT ESPANA/rockbusters_espana_siurana.html,Overview,True,Where Finesse Beats Power,About This Leg,
PROJECT ESPANA/rockbusters_espana_siurana.html,Overview fact tiles,True,,,Duration | Location | Style | Group Size | Coach | Price
PROJECT ESPANA/rockbusters_espana_siurana.html,Other dates / route schedule / related notice,True,Project España 2027 — Full Schedule,The Full Journey,
PROJECT ESPANA/rockbusters_espana_siurana.html,Gallery,True,"Crimps, History & Precision","Real Rock, Real Siurana",
PROJECT ESPANA/rockbusters_espana_siurana.html,Audience,True,Built for the Technically Curious,Who Should Show Up,The Endurance Graduate | The Climbing Historian | The Wine-and-Rock Romantic
PROJECT ESPANA/rockbusters_espana_siurana.html,Learning pillars,True,Three Skills Worth the Precision,The Coaching,Technique | Mental Game | Tactics
PROJECT ESPANA/rockbusters_espana_siurana.html,Programme / daily flow,True,A Typical Day,Daily Structure,
PROJECT ESPANA/rockbusters_espana_siurana.html,Programme companion panel,True,Which Format?,1 Week vs Full Trip,"What's Included | 1 Week €1,050 | Full Trip €3,550"
PROJECT ESPANA/rockbusters_espana_siurana.html,Venue / route area,True,"Siurana, Spain",The Venue,
PROJECT ESPANA/rockbusters_espana_siurana.html,Coaches / guides,True,World-Class Coaching,Your Coach,
PROJECT ESPANA/rockbusters_espana_siurana.html,Reviews,True,What Past Climbers Say,Results,
PROJECT ESPANA/rockbusters_espana_siurana.html,Practical logistics,True,We Sorted the Boring Bits,Accommodation & Logistics,Accommodation | Getting There | Gear | Group Size
PROJECT ESPANA/rockbusters_espana_siurana.html,Inclusions / package,True,Full Package,What's Included,
PROJECT ESPANA/rockbusters_espana_siurana.html,FAQ,True,Common Questions,FAQ,
PROJECT ESPANA/rockbusters_espana_siurana.html,Closing booking CTA,True,Ready for Some Precision Climbing?,Reserve Your Place,"Reserve Your Place | Read the Programme | Book Now — €1,050"
PROJECT ESPANA/rockbusters_projectespana_fulltrip.html,Hero,True,PROJECT ESPAÑA 2027,,
PROJECT ESPANA/rockbusters_projectespana_fulltrip.html,Hero pricing summary,True,,,Dates | Duration | Destinations | Level | Coach
PROJECT ESPANA/rockbusters_projectespana_fulltrip.html,Facts strip,True,,,"4 Legendary Crags | 28 Days | Min. Lead Grade | Min. Participants per Leg | Full Trip (or €1,050/week)"
PROJECT ESPANA/rockbusters_projectespana_fulltrip.html,Overview,True,Four Weeks. Four Crags. One Country Done Properly.,About This Trip,
PROJECT ESPANA/rockbusters_projectespana_fulltrip.html,Overview fact tiles,True,,,Duration | Destinations | Min. Lead Grade | Group Size | Coach | Price
PROJECT ESPANA/rockbusters_projectespana_fulltrip.html,Other dates / route schedule / related notice,True,The Full Project España Route,Pick Your Weeks,
PROJECT ESPANA/rockbusters_projectespana_fulltrip.html,Gallery,True,Sella to Margalef & Everything Between,"Real Rock, Four Crags",
PROJECT ESPANA/rockbusters_projectespana_fulltrip.html,Audience,True,Built for the Spain-Obsessed,Who Should Show Up,The Grade-Chaser | The Rock-Type Collector | The Community Seeker
PROJECT ESPANA/rockbusters_projectespana_fulltrip.html,Learning pillars,True,Three Skills Across Four Crags,The Coaching,Technique | Mental Game | Tactics
PROJECT ESPANA/rockbusters_projectespana_fulltrip.html,Programme / daily flow,True,A Typical Day,Daily Structure,
PROJECT ESPANA/rockbusters_projectespana_fulltrip.html,Programme companion panel,True,Which Format?,1 Week vs Full Trip,"What's Included | 1 Week €1,050 | Full Trip €3,550"
PROJECT ESPANA/rockbusters_projectespana_fulltrip.html,Venue / route area,True,Sella to Margalef,The Route,
PROJECT ESPANA/rockbusters_projectespana_fulltrip.html,Coaches / guides,True,World-Class Coaching,Your Coach,
PROJECT ESPANA/rockbusters_projectespana_fulltrip.html,Reviews,True,What Past Climbers Say,Results,
PROJECT ESPANA/rockbusters_projectespana_fulltrip.html,Practical logistics,True,We Sorted the Boring Bits,Accommodation & Logistics,Accommodation | Getting There | Gear | Group Size
PROJECT ESPANA/rockbusters_projectespana_fulltrip.html,Inclusions / package,True,Full Package,What's Included,
PROJECT ESPANA/rockbusters_projectespana_fulltrip.html,FAQ,True,Common Questions,FAQ,
PROJECT ESPANA/rockbusters_projectespana_fulltrip.html,Closing booking CTA,True,Ready for the Full España Project?,Reserve Your Place,"Reserve the Full Trip | See the Itinerary | Book Full Trip — €3,550"
ROCK & ROAD/event-date___ceuse-rock-road-europe-2026-09-12.html,Hero,True,ROCK & ROAD 2026 CÉÜSE,,
ROCK & ROAD/event-date___ceuse-rock-road-europe-2026-09-12.html,Hero pricing summary,True,,,Dates | Duration | Location | Level | Coaches
ROCK & ROAD/event-date___ceuse-rock-road-europe-2026-09-12.html,Facts strip,True,,,French Limestone | 7 Days | Grade | Min. Climbers to Run | Week 5 of the 8-Week Tour
ROCK & ROAD/event-date___ceuse-rock-road-europe-2026-09-12.html,Overview,True,Where the Pilgrimage Pays Off,About This Leg,
ROCK & ROAD/event-date___ceuse-rock-road-europe-2026-09-12.html,Overview fact tiles,True,,,Duration | Location | Grade Range | Group Size | Head Coach | Price From
ROCK & ROAD/event-date___ceuse-rock-road-europe-2026-09-12.html,Other dates / route schedule / related notice,True,Rock & Road 2026 — Full Schedule,The Full Journey,
ROCK & ROAD/event-date___ceuse-rock-road-europe-2026-09-12.html,Gallery,True,"Crimps, Sidepulls & Sacrifice","Real Rock, Real Céüse",
ROCK & ROAD/event-date___ceuse-rock-road-europe-2026-09-12.html,Audience,True,Built for the Technically Obsessed,Who Should Show Up,The Climbing Pilgrim | The Sequence Solver | The Travel-Hungry Climber
ROCK & ROAD/event-date___ceuse-rock-road-europe-2026-09-12.html,Learning pillars,True,Three Skills Worth the Approach Hike,The Coaching,Technique | Mental Game | Tactics
ROCK & ROAD/event-date___ceuse-rock-road-europe-2026-09-12.html,Programme / daily flow,True,A Typical Day,Daily Structure,
ROCK & ROAD/event-date___ceuse-rock-road-europe-2026-09-12.html,Programme companion panel,True,Which Format?,1 Week vs Full Tour,"What's Included | 1 Week €950 | Full Tour €5,500"
ROCK & ROAD/event-date___ceuse-rock-road-europe-2026-09-12.html,Venue / route area,True,"Céüse, France",The Venue,
ROCK & ROAD/event-date___ceuse-rock-road-europe-2026-09-12.html,Coaches / guides,True,World-Class Coaches,Your Coaching Team,
ROCK & ROAD/event-date___ceuse-rock-road-europe-2026-09-12.html,Reviews,True,What Past Climbers Say,Results,
ROCK & ROAD/event-date___ceuse-rock-road-europe-2026-09-12.html,Practical logistics,True,We Sorted the Boring Bits,Accommodation & Logistics,Accommodation | Getting There | Gear | Group Size
ROCK & ROAD/event-date___ceuse-rock-road-europe-2026-09-12.html,Inclusions / package,True,Full Package,What's Included,
ROCK & ROAD/event-date___ceuse-rock-road-europe-2026-09-12.html,FAQ,True,Common Questions,FAQ,
ROCK & ROAD/event-date___ceuse-rock-road-europe-2026-09-12.html,Closing booking CTA,True,Ready to Earn the Approach?,Reserve Your Place,Reserve Your Place | Read the Programme | Book Now — €950
ROCK & ROAD/event-date___frankenjura-rock-road-europe-2026-08-22.html,Hero,True,ROCK & ROAD 2026 FRANKENJURA,,
ROCK & ROAD/event-date___frankenjura-rock-road-europe-2026-08-22.html,Hero pricing summary,True,,,Dates | Duration | Location | Level | Coaches
ROCK & ROAD/event-date___frankenjura-rock-road-europe-2026-08-22.html,Facts strip,True,,,Bavarian Limestone | 7 Days | Grade | Min. Climbers to Run | Week 2 of the 8-Week Tour
ROCK & ROAD/event-date___frankenjura-rock-road-europe-2026-08-22.html,Overview,True,Where Pockets Write History,About This Leg,
ROCK & ROAD/event-date___frankenjura-rock-road-europe-2026-08-22.html,Overview fact tiles,True,,,Duration | Location | Grade Range | Group Size | Head Coach | Price From
ROCK & ROAD/event-date___frankenjura-rock-road-europe-2026-08-22.html,Other dates / route schedule / related notice,True,Rock & Road 2026 — Full Schedule,The Full Journey,
ROCK & ROAD/event-date___frankenjura-rock-road-europe-2026-08-22.html,Gallery,True,"Crimps, Callouses & Consequences","Real Rock, Real Pockets",
ROCK & ROAD/event-date___frankenjura-rock-road-europe-2026-08-22.html,Audience,True,Built for the Power-Hungry,Who Should Show Up,The Endurance Athlete Chasing Power | The Climbing History Nerd | The Travel-Hungry Climber
ROCK & ROAD/event-date___frankenjura-rock-road-europe-2026-08-22.html,Learning pillars,True,Three Skills Worth the Callouses,The Coaching,Technique | Mental Game | Tactics
ROCK & ROAD/event-date___frankenjura-rock-road-europe-2026-08-22.html,Programme / daily flow,True,A Typical Day,Daily Structure,
ROCK & ROAD/event-date___frankenjura-rock-road-europe-2026-08-22.html,Programme companion panel,True,Which Format?,1 Week vs Full Tour,"What's Included | 1 Week €950 | Full Tour €5,500"
ROCK & ROAD/event-date___frankenjura-rock-road-europe-2026-08-22.html,Venue / route area,True,"Frankenjura, Germany",The Venue,
ROCK & ROAD/event-date___frankenjura-rock-road-europe-2026-08-22.html,Coaches / guides,True,World-Class Coaches,Your Coaching Team,
ROCK & ROAD/event-date___frankenjura-rock-road-europe-2026-08-22.html,Reviews,True,What Past Climbers Say,Results,
ROCK & ROAD/event-date___frankenjura-rock-road-europe-2026-08-22.html,Practical logistics,True,We Sorted the Boring Bits,Accommodation & Logistics,Accommodation | Getting There | Gear | Group Size
ROCK & ROAD/event-date___frankenjura-rock-road-europe-2026-08-22.html,Inclusions / package,True,Full Package,What's Included,
ROCK & ROAD/event-date___frankenjura-rock-road-europe-2026-08-22.html,FAQ,True,Common Questions,FAQ,
ROCK & ROAD/event-date___frankenjura-rock-road-europe-2026-08-22.html,Closing booking CTA,True,Ready to Meet Your Match(ed Pockets)?,Reserve Your Place,Reserve Your Place | Read the Programme | Book Now — €950
ROCK & ROAD/event-date___gorges-du-tarn-rock-road-europe-2026-09-19.html,Hero,True,ROCK & ROAD 2026 GORGES DU TARN,,
ROCK & ROAD/event-date___gorges-du-tarn-rock-road-europe-2026-09-19.html,Hero pricing summary,True,,,Dates | Duration | Location | Level | Coaches
ROCK & ROAD/event-date___gorges-du-tarn-rock-road-europe-2026-09-19.html,Facts strip,True,,,Southern French Limestone | 7 Days | Grade | Min. Climbers to Run | Week 6 of the 8-Week Tour
ROCK & ROAD/event-date___gorges-du-tarn-rock-road-europe-2026-09-19.html,Overview,True,Where Pockets Punish Generously,About This Leg,
ROCK & ROAD/event-date___gorges-du-tarn-rock-road-europe-2026-09-19.html,Overview fact tiles,True,,,Duration | Location | Grade Range | Group Size | Head Coach | Price From
ROCK & ROAD/event-date___gorges-du-tarn-rock-road-europe-2026-09-19.html,Other dates / route schedule / related notice,True,Rock & Road 2026 — Full Schedule,The Full Journey,
ROCK & ROAD/event-date___gorges-du-tarn-rock-road-europe-2026-09-19.html,Gallery,True,"Pumps, Pockets & River Swims","Real Rock, Real Tarn Pockets",
ROCK & ROAD/event-date___gorges-du-tarn-rock-road-europe-2026-09-19.html,Audience,True,Built for the Pump-Chasers,Who Should Show Up,The Endurance Junkie | The Grade-Pusher | The Travel-Hungry Climber
ROCK & ROAD/event-date___gorges-du-tarn-rock-road-europe-2026-09-19.html,Learning pillars,True,Three Skills Worth the Forearm Pump,The Coaching,Technique | Mental Game | Tactics
ROCK & ROAD/event-date___gorges-du-tarn-rock-road-europe-2026-09-19.html,Programme / daily flow,True,A Typical Day,Daily Structure,
ROCK & ROAD/event-date___gorges-du-tarn-rock-road-europe-2026-09-19.html,Programme companion panel,True,Which Format?,1 Week vs Full Tour,"What's Included | 1 Week €950 | Full Tour €5,500"
ROCK & ROAD/event-date___gorges-du-tarn-rock-road-europe-2026-09-19.html,Venue / route area,True,"Gorges du Tarn, France",The Venue,
ROCK & ROAD/event-date___gorges-du-tarn-rock-road-europe-2026-09-19.html,Coaches / guides,True,World-Class Coaches,Your Coaching Team,
ROCK & ROAD/event-date___gorges-du-tarn-rock-road-europe-2026-09-19.html,Reviews,True,What Past Climbers Say,Results,
ROCK & ROAD/event-date___gorges-du-tarn-rock-road-europe-2026-09-19.html,Practical logistics,True,We Sorted the Boring Bits,Accommodation & Logistics,Accommodation | Getting There | Gear | Group Size
ROCK & ROAD/event-date___gorges-du-tarn-rock-road-europe-2026-09-19.html,Inclusions / package,True,Full Package,What's Included,
ROCK & ROAD/event-date___gorges-du-tarn-rock-road-europe-2026-09-19.html,FAQ,True,Common Questions,FAQ,
ROCK & ROAD/event-date___gorges-du-tarn-rock-road-europe-2026-09-19.html,Closing booking CTA,True,Ready to Get Pumped (Literally)?,Reserve Your Place,Reserve Your Place | Read the Programme | Book Now — €950
ROCK & ROAD/event-date___labske-udoli-rock-road-europe-2026-08-15.html,Hero,True,ROCK & ROAD 2026: LABSKE UDOLI,,
ROCK & ROAD/event-date___labske-udoli-rock-road-europe-2026-08-15.html,Hero pricing summary,True,,,Dates | Duration | Location | Level | Coaches
ROCK & ROAD/event-date___labske-udoli-rock-road-europe-2026-08-15.html,Facts strip,True,,,Czech Sandstone | 7 Days | Grade | Min. Climbers to Run | Week 1 of the 8-Week Tour
ROCK & ROAD/event-date___labske-udoli-rock-road-europe-2026-08-15.html,Overview,True,Where Bolts Fear to Tread,About This Leg,
ROCK & ROAD/event-date___labske-udoli-rock-road-europe-2026-08-15.html,Overview fact tiles,True,,,Duration | Location | Grade Range | Group Size | Head Coach | Price From
ROCK & ROAD/event-date___labske-udoli-rock-road-europe-2026-08-15.html,Other dates / route schedule / related notice,True,Rock & Road 2026 — Full Schedule,The Full Journey,
ROCK & ROAD/event-date___labske-udoli-rock-road-europe-2026-08-15.html,Gallery,True,"Spires, Slings & Stubbornness","Real Rock, Real Sandstone",
ROCK & ROAD/event-date___labske-udoli-rock-road-europe-2026-08-15.html,Audience,True,Built for the Bold (and the Slightly Nervous),Who Should Show Up,The Bolt-Clipping Refugee | The Travel-Hungry Climber | The Ethics Nerd
ROCK & ROAD/event-date___labske-udoli-rock-road-europe-2026-08-15.html,Learning pillars,True,Three Skills Worth the Bruises,The Coaching,Technique | Mental Game | Tactics
ROCK & ROAD/event-date___labske-udoli-rock-road-europe-2026-08-15.html,Programme / daily flow,True,A Typical Day,Daily Structure,
ROCK & ROAD/event-date___labske-udoli-rock-road-europe-2026-08-15.html,Programme companion panel,True,Which Format?,1 Week vs Full Tour,"What's Included | 1 Week €950 | Full Tour €5,500"
ROCK & ROAD/event-date___labske-udoli-rock-road-europe-2026-08-15.html,Venue / route area,True,"Labské Údolí, Czech Republic",The Venue,
ROCK & ROAD/event-date___labske-udoli-rock-road-europe-2026-08-15.html,Coaches / guides,True,World-Class Coaches,Your Coaching Team,
ROCK & ROAD/event-date___labske-udoli-rock-road-europe-2026-08-15.html,Reviews,True,What Past Climbers Say,Results,
ROCK & ROAD/event-date___labske-udoli-rock-road-europe-2026-08-15.html,Practical logistics,True,We Sorted the Boring Bits,Accommodation & Logistics,Accommodation | Getting There | Gear | Group Size
ROCK & ROAD/event-date___labske-udoli-rock-road-europe-2026-08-15.html,Inclusions / package,True,Full Package,What's Included,
ROCK & ROAD/event-date___labske-udoli-rock-road-europe-2026-08-15.html,FAQ,True,Common Questions,FAQ,
ROCK & ROAD/event-date___labske-udoli-rock-road-europe-2026-08-15.html,Closing booking CTA,True,Ready to Get Humbled by Sandstone?,Reserve Your Place,Reserve Your Place | Read the Programme | Book Now — €950
ROCK & ROAD/event-date___margalef-rock-road-europe-2026-09-26.html,Hero,True,ROCK & ROAD 2026 MARGALEF,,
ROCK & ROAD/event-date___margalef-rock-road-europe-2026-09-26.html,Hero pricing summary,True,,,Dates | Duration | Location | Level | Coaches
ROCK & ROAD/event-date___margalef-rock-road-europe-2026-09-26.html,Facts strip,True,,,Catalan Conglomerate | 7 Days | Grade | Min. Climbers to Run | Week 7 of the 8-Week Tour
ROCK & ROAD/event-date___margalef-rock-road-europe-2026-09-26.html,Overview,True,Where Cobblestones Defy Gravity,About This Leg,
ROCK & ROAD/event-date___margalef-rock-road-europe-2026-09-26.html,Overview fact tiles,True,,,Duration | Location | Grade Range | Group Size | Head Coach | Price From
ROCK & ROAD/event-date___margalef-rock-road-europe-2026-09-26.html,Other dates / route schedule / related notice,True,Rock & Road 2026 — Full Schedule,The Full Journey,
ROCK & ROAD/event-date___margalef-rock-road-europe-2026-09-26.html,Gallery,True,"Cobbles, Monos & Catalan Pride","Real Rock, Real Conglomerate",
ROCK & ROAD/event-date___margalef-rock-road-europe-2026-09-26.html,Audience,True,Built for the Pocket-Obsessed,Who Should Show Up,The Pull-Up Enthusiast | The Rock-Type Collector | The Travel-Hungry Climber
ROCK & ROAD/event-date___margalef-rock-road-europe-2026-09-26.html,Learning pillars,True,Three Skills Worth the Callus Rebuild,The Coaching,Technique | Mental Game | Tactics
ROCK & ROAD/event-date___margalef-rock-road-europe-2026-09-26.html,Programme / daily flow,True,A Typical Day,Daily Structure,
ROCK & ROAD/event-date___margalef-rock-road-europe-2026-09-26.html,Programme companion panel,True,Which Format?,1 Week vs Full Tour,"What's Included | 1 Week €950 | Full Tour €5,500"
ROCK & ROAD/event-date___margalef-rock-road-europe-2026-09-26.html,Venue / route area,True,"Margalef, Spain",The Venue,
ROCK & ROAD/event-date___margalef-rock-road-europe-2026-09-26.html,Coaches / guides,True,World-Class Coaches,Your Coaching Team,
ROCK & ROAD/event-date___margalef-rock-road-europe-2026-09-26.html,Reviews,True,What Past Climbers Say,Results,
ROCK & ROAD/event-date___margalef-rock-road-europe-2026-09-26.html,Practical logistics,True,We Sorted the Boring Bits,Accommodation & Logistics,Accommodation | Getting There | Gear | Group Size
ROCK & ROAD/event-date___margalef-rock-road-europe-2026-09-26.html,Inclusions / package,True,Full Package,What's Included,
ROCK & ROAD/event-date___margalef-rock-road-europe-2026-09-26.html,FAQ,True,Common Questions,FAQ,
ROCK & ROAD/event-date___margalef-rock-road-europe-2026-09-26.html,Closing booking CTA,True,Ready to Trust the Cobblestones?,Reserve Your Place,Reserve Your Place | Read the Programme | Book Now — €950
ROCK & ROAD/event-date___oltre-finale-rock-road-europe-2026-09-05.html,Hero,True,ROCK & ROAD 2026 OLTRE FINALE,,
ROCK & ROAD/event-date___oltre-finale-rock-road-europe-2026-09-05.html,Hero pricing summary,True,,,Dates | Duration | Location | Level | Coaches
ROCK & ROAD/event-date___oltre-finale-rock-road-europe-2026-09-05.html,Facts strip,True,,,Ligurian Limestone | 7 Days | Grade | Min. Climbers to Run | Week 4 of the 8-Week Tour
ROCK & ROAD/event-date___oltre-finale-rock-road-europe-2026-09-05.html,Overview,True,Where the Rock Hides Well,About This Leg,
ROCK & ROAD/event-date___oltre-finale-rock-road-europe-2026-09-05.html,Overview fact tiles,True,,,Duration | Location | Grade Range | Group Size | Head Coach | Price From
ROCK & ROAD/event-date___oltre-finale-rock-road-europe-2026-09-05.html,Other dates / route schedule / related notice,True,Rock & Road 2026 — Full Schedule,The Full Journey,
ROCK & ROAD/event-date___oltre-finale-rock-road-europe-2026-09-05.html,Gallery,True,"Tufas, Espresso & Timing","Real Rock, Real Ligurian Limestone",
ROCK & ROAD/event-date___oltre-finale-rock-road-europe-2026-09-05.html,Audience,True,Built for the Creatively Stuck,Who Should Show Up,The One-Trick Climber | The Dolce Vita Believer | The Travel-Hungry Climber
ROCK & ROAD/event-date___oltre-finale-rock-road-europe-2026-09-05.html,Learning pillars,True,Three Skills Worth the Chalk-Stained Fingers,The Coaching,Technique | Mental Game | Tactics
ROCK & ROAD/event-date___oltre-finale-rock-road-europe-2026-09-05.html,Programme / daily flow,True,A Typical Day,Daily Structure,
ROCK & ROAD/event-date___oltre-finale-rock-road-europe-2026-09-05.html,Programme companion panel,True,Which Format?,1 Week vs Full Tour,"What's Included | 1 Week €950 | Full Tour €5,500"
ROCK & ROAD/event-date___oltre-finale-rock-road-europe-2026-09-05.html,Venue / route area,True,"Oltre Finale, Italy",The Venue,
ROCK & ROAD/event-date___oltre-finale-rock-road-europe-2026-09-05.html,Coaches / guides,True,World-Class Coaches,Your Coaching Team,
ROCK & ROAD/event-date___oltre-finale-rock-road-europe-2026-09-05.html,Reviews,True,What Past Climbers Say,Results,
ROCK & ROAD/event-date___oltre-finale-rock-road-europe-2026-09-05.html,Practical logistics,True,We Sorted the Boring Bits,Accommodation & Logistics,Accommodation | Getting There | Gear | Group Size
ROCK & ROAD/event-date___oltre-finale-rock-road-europe-2026-09-05.html,Inclusions / package,True,Full Package,What's Included,
ROCK & ROAD/event-date___oltre-finale-rock-road-europe-2026-09-05.html,FAQ,True,Common Questions,FAQ,
ROCK & ROAD/event-date___oltre-finale-rock-road-europe-2026-09-05.html,Closing booking CTA,True,Ready to Find the Hidden Valley?,Reserve Your Place,Reserve Your Place | Read the Programme | Book Now — €950
ROCK & ROAD/event-date___rock-road-europe-2026-08-15.html,Hero,True,ROCK & ROAD 2026 EUROPE,,
ROCK & ROAD/event-date___rock-road-europe-2026-08-15.html,Hero pricing summary,True,,,Dates | Duration | Destinations | Level | Coaches
ROCK & ROAD/event-date___rock-road-europe-2026-08-15.html,Facts strip,True,,,8 Countries | 57 Days | Grade | Min. Climbers per Leg | Full Tour (or €950/week)
ROCK & ROAD/event-date___rock-road-europe-2026-08-15.html,Overview,True,Eight Weeks. Eight Rock Types. One Continuous Send.,About This Trip,
ROCK & ROAD/event-date___rock-road-europe-2026-08-15.html,Overview fact tiles,True,,,Duration | Destinations | Grade Range | Group Size | Head Coach | Price
ROCK & ROAD/event-date___rock-road-europe-2026-08-15.html,Other dates / route schedule / related notice,True,The Full Rock & Road 2026 Route,Pick Your Weeks,
ROCK & ROAD/event-date___rock-road-europe-2026-08-15.html,Gallery,True,Sandstone to Tufa & Everything Between,"Real Rock, Eight Countries",
ROCK & ROAD/event-date___rock-road-europe-2026-08-15.html,Audience,True,Built for the All-In Climber,Who Should Show Up,The Rock-Type Completionist | The Van-Life Curious | The Community Seeker
ROCK & ROAD/event-date___rock-road-europe-2026-08-15.html,Learning pillars,True,Three Skills Across Eight Rock Types,The Coaching,Technique | Mental Game | Tactics
ROCK & ROAD/event-date___rock-road-europe-2026-08-15.html,Programme / daily flow,True,A Typical Day,Daily Structure,
ROCK & ROAD/event-date___rock-road-europe-2026-08-15.html,Programme companion panel,True,Which Format?,1 Week vs Full Tour,"What's Included | 1 Week €950 | Full Tour €5,500"
ROCK & ROAD/event-date___rock-road-europe-2026-08-15.html,Venue / route area,True,Bohemia to the Pyrenees,The Route,
ROCK & ROAD/event-date___rock-road-europe-2026-08-15.html,Coaches / guides,True,World-Class Coaches,Your Coaching Team,
ROCK & ROAD/event-date___rock-road-europe-2026-08-15.html,Reviews,True,What Past Climbers Say,Results,
ROCK & ROAD/event-date___rock-road-europe-2026-08-15.html,Practical logistics,True,We Sorted the Boring Bits,Accommodation & Logistics,Accommodation | Getting There | Gear | Group Size
ROCK & ROAD/event-date___rock-road-europe-2026-08-15.html,Inclusions / package,True,Full Package,What's Included,
ROCK & ROAD/event-date___rock-road-europe-2026-08-15.html,FAQ,True,Common Questions,FAQ,
ROCK & ROAD/event-date___rock-road-europe-2026-08-15.html,Closing booking CTA,True,Ready for the Whole Odyssey?,Reserve Your Place,"Reserve the Full Tour | See the Schedule | Book Full Tour — €5,500"
ROCK & ROAD/event-date___rodellar-rock-road-europe-2026-10-03.html,Hero,True,ROCK & ROAD 2026 RODELLAR,,
ROCK & ROAD/event-date___rodellar-rock-road-europe-2026-10-03.html,Hero pricing summary,True,,,Dates | Duration | Location | Level | Coaches
ROCK & ROAD/event-date___rodellar-rock-road-europe-2026-10-03.html,Facts strip,True,,,"Sierra de Guara, Spain | 7 Days | Grade | Min. Climbers to Run | Week 8 of 8 — The Finale"
ROCK & ROAD/event-date___rodellar-rock-road-europe-2026-10-03.html,Overview,True,Where the Odyssey Ends (Properly),About This Leg,
ROCK & ROAD/event-date___rodellar-rock-road-europe-2026-10-03.html,Overview fact tiles,True,,,Duration | Location | Grade Range | Group Size | Head Coach | Price From
ROCK & ROAD/event-date___rodellar-rock-road-europe-2026-10-03.html,Other dates / route schedule / related notice,True,Rock & Road 2026 — Full Schedule,The Full Journey,
ROCK & ROAD/event-date___rodellar-rock-road-europe-2026-10-03.html,Gallery,True,"Tufas, Caves & The Finish Line","Real Rock, Real Rodellar",
ROCK & ROAD/event-date___rodellar-rock-road-europe-2026-10-03.html,Audience,True,Built for the Tour's Last Send,Who Should Show Up,The Full-Tour Finisher | The Cave Climber Curious | The Travel-Hungry Climber
ROCK & ROAD/event-date___rodellar-rock-road-europe-2026-10-03.html,Learning pillars,True,Three Skills Worth the Finale,The Coaching,Technique | Mental Game | Tactics
ROCK & ROAD/event-date___rodellar-rock-road-europe-2026-10-03.html,Programme / daily flow,True,A Typical Day,Daily Structure,
ROCK & ROAD/event-date___rodellar-rock-road-europe-2026-10-03.html,Programme companion panel,True,Which Format?,1 Week vs Full Tour,"What's Included | 1 Week €950 | Full Tour €5,500"
ROCK & ROAD/event-date___rodellar-rock-road-europe-2026-10-03.html,Venue / route area,True,"Rodellar, Spain",The Venue,
ROCK & ROAD/event-date___rodellar-rock-road-europe-2026-10-03.html,Coaches / guides,True,World-Class Coaches,Your Coaching Team,
ROCK & ROAD/event-date___rodellar-rock-road-europe-2026-10-03.html,Reviews,True,What Past Climbers Say,Results,
ROCK & ROAD/event-date___rodellar-rock-road-europe-2026-10-03.html,Practical logistics,True,We Sorted the Boring Bits,Accommodation & Logistics,Accommodation | Getting There | Gear | Group Size
ROCK & ROAD/event-date___rodellar-rock-road-europe-2026-10-03.html,Inclusions / package,True,Full Package,What's Included,
ROCK & ROAD/event-date___rodellar-rock-road-europe-2026-10-03.html,FAQ,True,Common Questions,FAQ,
ROCK & ROAD/event-date___rodellar-rock-road-europe-2026-10-03.html,Closing booking CTA,True,Ready for the Finale?,Reserve Your Place,Reserve Your Place | Read the Programme | Book Now — €950
ROCK & ROAD/event-date___zillertal-rock-road-europe-2026-08-29.html,Hero,True,ROCK & ROAD 2026 ZILLERTAL,,
ROCK & ROAD/event-date___zillertal-rock-road-europe-2026-08-29.html,Hero pricing summary,True,,,Dates | Duration | Location | Level | Coaches
ROCK & ROAD/event-date___zillertal-rock-road-europe-2026-08-29.html,Facts strip,True,,,Austrian Granite | 7 Days | Grade | Min. Climbers to Run | Week 3 of the 8-Week Tour
ROCK & ROAD/event-date___zillertal-rock-road-europe-2026-08-29.html,Overview,True,Where Friction Becomes Faith,About This Leg,
ROCK & ROAD/event-date___zillertal-rock-road-europe-2026-08-29.html,Overview fact tiles,True,,,Duration | Location | Grade Range | Group Size | Head Coach | Price From
ROCK & ROAD/event-date___zillertal-rock-road-europe-2026-08-29.html,Other dates / route schedule / related notice,False,,,
ROCK & ROAD/event-date___zillertal-rock-road-europe-2026-08-29.html,Gallery,True,"Slabs, Streams & Serenity","Real Rock, Real Granite",
ROCK & ROAD/event-date___zillertal-rock-road-europe-2026-08-29.html,Audience,True,Built for the Footwork-Curious,Who Should Show Up,The Pocket-Pulled & Power-Broken | The Scenery Snob | The Travel-Hungry Climber
ROCK & ROAD/event-date___zillertal-rock-road-europe-2026-08-29.html,Learning pillars,True,Three Skills Worth Trusting,The Coaching,Technique | Mental Game | Tactics
ROCK & ROAD/event-date___zillertal-rock-road-europe-2026-08-29.html,Programme / daily flow,True,A Typical Day,Daily Structure,
ROCK & ROAD/event-date___zillertal-rock-road-europe-2026-08-29.html,Programme companion panel,True,Which Format?,1 Week vs Full Tour,"What's Included | 1 Week €950 | Full Tour €5,500"
ROCK & ROAD/event-date___zillertal-rock-road-europe-2026-08-29.html,Venue / route area,True,"Zillertal, Austria",The Venue,
ROCK & ROAD/event-date___zillertal-rock-road-europe-2026-08-29.html,Coaches / guides,True,World-Class Coaches,Your Coaching Team,
ROCK & ROAD/event-date___zillertal-rock-road-europe-2026-08-29.html,Reviews,True,What Past Climbers Say,Results,
ROCK & ROAD/event-date___zillertal-rock-road-europe-2026-08-29.html,Practical logistics,True,We Sorted the Boring Bits,Accommodation & Logistics,Accommodation | Getting There | Gear | Group Size
ROCK & ROAD/event-date___zillertal-rock-road-europe-2026-08-29.html,Inclusions / package,True,Full Package,What's Included,
ROCK & ROAD/event-date___zillertal-rock-road-europe-2026-08-29.html,FAQ,True,Common Questions,FAQ,
ROCK & ROAD/event-date___zillertal-rock-road-europe-2026-08-29.html,Closing booking CTA,True,Ready to Trust the Granite?,Reserve Your Place,Reserve Your Place | Read the Programme | Book Now — €950
rockbusters_amuerte_rodellar.html,Hero,True,A MUERTE: THE PUC PERFORMANCE CAMP,,
rockbusters_amuerte_rodellar.html,Hero pricing summary,True,,,Dates | Duration | Location | Level | Coaches
rockbusters_amuerte_rodellar.html,Facts strip,True,,,Elite Performance Camp | 6 Days | Min. Redpoint Grade | Coach Ratio | Price
rockbusters_amuerte_rodellar.html,Overview,True,Where Plateaus Go to Die,About This Camp,
rockbusters_amuerte_rodellar.html,Overview fact tiles,True,,,Duration | Location | Min. Grade | Group Size | Coaches | Price
rockbusters_amuerte_rodellar.html,Other dates / route schedule / related notice,True,More Missions,Other Dates,
rockbusters_amuerte_rodellar.html,Gallery,True,"Burns, Beta & Beast Mode","Real Rock, Real Diagnostics",
rockbusters_amuerte_rodellar.html,Audience,True,Built for the Genuinely Stuck,Who Should Show Up,The 7a/8a Gatekept Climber | The Training Nerd | The Mentally Blocked Redpointer
rockbusters_amuerte_rodellar.html,Learning pillars,True,Three Skills Worth the Suffering,The Coaching,Technique | Mental Game | Tactics
rockbusters_amuerte_rodellar.html,Programme / daily flow,True,A Typical Day,Daily Structure,
rockbusters_amuerte_rodellar.html,Programme companion panel,True,Standard Course vs A MUERTE,What's Different,What You Get | Standard Course | A MUERTE
rockbusters_amuerte_rodellar.html,Venue / route area,True,"Rodellar, Spain",The Venue,
rockbusters_amuerte_rodellar.html,Coaches / guides,True,World-Class Coaches,Your Coaching Team,
rockbusters_amuerte_rodellar.html,Reviews,True,What Past Climbers Say,Results,
rockbusters_amuerte_rodellar.html,Practical logistics,True,We Sorted the Boring Bits,Accommodation & Logistics,Accommodation | Getting There | Gear | Group Size
rockbusters_amuerte_rodellar.html,Inclusions / package,True,Full Package,What's Included,
rockbusters_amuerte_rodellar.html,FAQ,True,Common Questions,FAQ,
rockbusters_amuerte_rodellar.html,Closing booking CTA,True,Ready to Break the Plateau?,Reserve Your Place,"Reserve Your Place | Read the Programme | Book Now — €1,190"
rockbusters_beginnercourse_sella.html,Hero,True,SPORT CLIMBING BASICS: LEARN TO LEAD & CLIMB OUTDOORS,,
rockbusters_beginnercourse_sella.html,Hero pricing summary,True,,,Dates | Duration | Location | Level | Coaches
rockbusters_beginnercourse_sella.html,Facts strip,True,,,Beginner–Intermediate | 6 Days Climbing | Group Size | Min. Participants | Price
rockbusters_beginnercourse_sella.html,Overview,True,"From Gym to Rock, For Real This Time",About This Course,
rockbusters_beginnercourse_sella.html,Overview fact tiles,True,,,Duration | Location | Level | Group Size | Coaches | Price
rockbusters_beginnercourse_sella.html,Other dates / route schedule / related notice,True,This Course Travels Too,Other Dates,
rockbusters_beginnercourse_sella.html,Gallery,True,"Clips, Confidence & Your First Real Lead","Real Rock, First Leads",
rockbusters_beginnercourse_sella.html,Audience,True,Built for the Gym-to-Rock Leap,Who Should Show Up,The Gym-Only Climber | The Cautiously Ambitious Beginner | The Friend Group Booking Together
rockbusters_beginnercourse_sella.html,Learning pillars,True,Three Skills for Real Independence,The Coaching,Technique | Mental Game | Tactics
rockbusters_beginnercourse_sella.html,Programme / daily flow,True,A Typical Day,Daily Structure,
rockbusters_beginnercourse_sella.html,Programme companion panel,True,Before vs After This Course,The Transformation,Where You're At | Before | After
rockbusters_beginnercourse_sella.html,Venue / route area,True,"Sella, Spain",The Venue,
rockbusters_beginnercourse_sella.html,Coaches / guides,True,World-Class Coaches,Your Coaching Team,
rockbusters_beginnercourse_sella.html,Reviews,True,What Past Climbers Say,Results,
rockbusters_beginnercourse_sella.html,Practical logistics,True,We Sorted the Boring Bits,Accommodation & Logistics,Accommodation | Getting There | Gear | Group Size
rockbusters_beginnercourse_sella.html,Inclusions / package,True,Full Package,What's Included,
rockbusters_beginnercourse_sella.html,FAQ,True,Common Questions,FAQ,
rockbusters_beginnercourse_sella.html,Closing booking CTA,True,Ready to Lead Your First Route?,Reserve Your Place,Reserve Your Place | Read the Programme | Book Now — €950
rockbusters_betababes_cuenca.html,Hero,True,BETA BABES: WOMEN-ONLY SPORT CAMP,,
rockbusters_betababes_cuenca.html,Hero pricing summary,True,,,Dates | Duration | Location | Level | Coach
rockbusters_betababes_cuenca.html,Facts strip,True,,,Women-Only Sport Camp | 6 Days | Min. Lead Grade | Min. Participants | Price
rockbusters_betababes_cuenca.html,Overview,True,"No Ego, Just Climb",About This Course,
rockbusters_betababes_cuenca.html,Overview fact tiles,True,,,Duration | Location | Min. Lead Grade | Group Size | Coach | Price
rockbusters_betababes_cuenca.html,Other dates / route schedule / related notice,True,More Ways to Join,Other Dates,
rockbusters_betababes_cuenca.html,Gallery,True,"Footwork, Friendship & Zero Judgment","Real Rock, Real Beta",
rockbusters_betababes_cuenca.html,Audience,True,"Built for Every Level, One Way",Who Should Show Up,The Gym Climber Ready for Rock | The Plateaued Climber | The Solo Traveler Who Wants Her People
rockbusters_betababes_cuenca.html,Learning pillars,True,Three Skills Worth the Week,The Coaching,Technique | Mental Game | Tactics
rockbusters_betababes_cuenca.html,Programme / daily flow,True,A Typical Day,Daily Structure,
rockbusters_betababes_cuenca.html,Programme companion panel,True,Mixed Course vs Beta Babes,What's Different,What You Get | Typical Mixed Course | Beta Babes
rockbusters_betababes_cuenca.html,Venue / route area,True,"Cuenca, Spain",The Venue,
rockbusters_betababes_cuenca.html,Coaches / guides,True,World-Class Coaching,Your Coach,
rockbusters_betababes_cuenca.html,Reviews,True,What Past Climbers Say,Results,
rockbusters_betababes_cuenca.html,Practical logistics,True,We Sorted the Boring Bits,Accommodation & Logistics,Accommodation | Getting There | Gear | Group Size
rockbusters_betababes_cuenca.html,Inclusions / package,True,Full Package,What's Included,
rockbusters_betababes_cuenca.html,FAQ,True,Common Questions,FAQ,
rockbusters_betababes_cuenca.html,Closing booking CTA,True,Ready to Climb Without the Ego?,Reserve Your Place,Reserve Your Place | Read the Programme | Book Now — €990
rockbusters_christmasretreat_sella.html,Hero,True,CHRISTMAS SPORT CLIMBING RETREAT (2 WEEKS),,
rockbusters_christmasretreat_sella.html,Hero pricing summary,True,,,Dates | Duration | Location | Level | Coaches
rockbusters_christmasretreat_sella.html,Facts strip,True,,,Christmas Retreat | 14 Days | Min. Lead Grade | Min. Participants | Price (2 Weeks)
rockbusters_christmasretreat_sella.html,Overview,True,Trade the Tree for Limestone,About This Retreat,
rockbusters_christmasretreat_sella.html,Overview fact tiles,True,,,Duration | Location | Min. Lead Grade | Group Size | Coaches | Price
rockbusters_christmasretreat_sella.html,Other dates / route schedule / related notice,True,This Course Travels,Other Dates,
rockbusters_christmasretreat_sella.html,Gallery,True,"Chalk, Christmas & Zero Grey Skies","Real Rock, Real Sunshine",
rockbusters_christmasretreat_sella.html,Audience,True,Built for the Holiday Escapees,Who Should Show Up,The Winter-Weary Climber | The Grade-Chaser | The Tradition-Rewriter
rockbusters_christmasretreat_sella.html,Learning pillars,True,Three Skills Worth Skipping the Turkey,The Coaching,Technique | Mental Game | Tactics
rockbusters_christmasretreat_sella.html,Programme / daily flow,True,A Typical Day,Daily Structure,
rockbusters_christmasretreat_sella.html,Programme companion panel,True,Which Format?,1 Week vs 2 Weeks,"What's Included | 1 Week €950 | 2 Weeks €1,690"
rockbusters_christmasretreat_sella.html,Venue / route area,True,"Sella, Costa Blanca, Spain",The Venue,
rockbusters_christmasretreat_sella.html,Coaches / guides,True,World-Class Coaches,Your Coaching Team,
rockbusters_christmasretreat_sella.html,Reviews,True,What Past Climbers Say,Results,
rockbusters_christmasretreat_sella.html,Practical logistics,True,We Sorted the Boring Bits,Accommodation & Logistics,Accommodation | Getting There | Gear | Group Size
rockbusters_christmasretreat_sella.html,Inclusions / package,True,Full Package,What's Included,
rockbusters_christmasretreat_sella.html,FAQ,True,Common Questions,FAQ,
rockbusters_christmasretreat_sella.html,Closing booking CTA,True,Ready to Skip the Turkey?,Reserve Your Place,"Reserve Your Place | Read the Programme | Book Now — €1,690"
rockbusters_deepblue_mallorca.html,Hero,True,DEEP BLUE: THE PSICOBLOC CAMP,,
rockbusters_deepblue_mallorca.html,Hero pricing summary,True,,,Dates | Duration | Location | Level | Coach
rockbusters_deepblue_mallorca.html,Facts strip,True,,,Deep Water Solo | 7 Days | Grade | Secret Crag Access | Price
rockbusters_deepblue_mallorca.html,Overview,True,Where the Rope Becomes Optional,About This Course,
rockbusters_deepblue_mallorca.html,Overview fact tiles,True,,,Duration | Location | Grade Range | Group Size | Head Coach | Price From
rockbusters_deepblue_mallorca.html,Other dates / route schedule / related notice,False,,,
rockbusters_deepblue_mallorca.html,Gallery,True,"Cliffs, Chalk & Cannonballs","Real Rock, Real Ocean",
rockbusters_deepblue_mallorca.html,Audience,True,Built for the Rope-Optional,Who Should Show Up,The Confident Outdoor Leader | The Fearless (Or Fear-Curious) Swimmer | The Aesthete
rockbusters_deepblue_mallorca.html,Learning pillars,True,Three Skills Worth the Splashdown,The Coaching,Technique | Mental Game | Tactics
rockbusters_deepblue_mallorca.html,Programme / daily flow,True,A Typical Day,Daily Structure,
rockbusters_deepblue_mallorca.html,Programme companion panel,True,More Ways to Go Deep,Other Dates,
rockbusters_deepblue_mallorca.html,Venue / route area,True,"Mallorca, Spain",The Venue,
rockbusters_deepblue_mallorca.html,Coaches / guides,True,World-Class Coaching,Your Coach,
rockbusters_deepblue_mallorca.html,Reviews,True,What Past Climbers Say,Results,
rockbusters_deepblue_mallorca.html,Practical logistics,True,We Sorted the Boring Bits,Accommodation & Logistics,Accommodation | Getting There | The Deep Blue Kit | Sport Climbing Backup
rockbusters_deepblue_mallorca.html,Inclusions / package,True,Full Package,What's Included,
rockbusters_deepblue_mallorca.html,FAQ,True,Common Questions,FAQ,
rockbusters_deepblue_mallorca.html,Closing booking CTA,True,Ready to Trust the Water?,Reserve Your Place,Reserve Your Place | Read the Programme | Book Now — €990
rockbusters_dolcevita_dolomites.html,Hero,True,THE DOLOMITE DOLCE VITA,,
rockbusters_dolcevita_dolomites.html,Hero pricing summary,True,,,Dates | Duration | Location | Level | Coaches
rockbusters_dolcevita_dolomites.html,Facts strip,True,,,Single-Pitch Only | 7 Days | Grade | Max Group Size | Price
rockbusters_dolcevita_dolomites.html,Overview,True,"Cragging, Not Conquering",About This Course,
rockbusters_dolcevita_dolomites.html,Overview fact tiles,True,,,Duration | Location | Grade Range | Group Size | Coaches | Price
rockbusters_dolcevita_dolomites.html,Other dates / route schedule / related notice,True,This Trip Keeps Things Single-Pitch,Looking for Multi-Pitch?,
rockbusters_dolcevita_dolomites.html,Gallery,True,Pale Limestone & La Dolce Vita,"Real Rock, Real Dolomites",
rockbusters_dolcevita_dolomites.html,Audience,True,Built for the Crag Purist,Who Should Show Up,The Gym-to-Crag Climber | The Grade-Chaser | The Dolce Vita Seeker
rockbusters_dolcevita_dolomites.html,Learning pillars,True,Three Skills Worth the Trip,The Coaching,Technique | Mental Game | Tactics
rockbusters_dolcevita_dolomites.html,Programme / daily flow,True,How the Week Flows,Course Arc,
rockbusters_dolcevita_dolomites.html,Programme companion panel,True,Where You'll Climb,The Crags,Area | Base | Style
rockbusters_dolcevita_dolomites.html,Venue / route area,True,Cortina d'Ampezzo & Val Gardena,The Venue,
rockbusters_dolcevita_dolomites.html,Coaches / guides,True,World-Class Coaches,Your Coaching Team,
rockbusters_dolcevita_dolomites.html,Reviews,True,What Past Climbers Say,Results,
rockbusters_dolcevita_dolomites.html,Practical logistics,True,We Sorted the Boring Bits,Accommodation & Logistics,Accommodation | Getting There | Gear | Group Size
rockbusters_dolcevita_dolomites.html,Inclusions / package,True,Full Package,What's Included,
rockbusters_dolcevita_dolomites.html,FAQ,True,Common Questions,FAQ,
rockbusters_dolcevita_dolomites.html,Closing booking CTA,True,Ready for La Dolce Vita?,Reserve Your Place,"Reserve Your Place | Read the Programme | Book Now — €1,090"
rockbusters_finaleligure_sportclimbing_3.html,Hero,True,SPORT CLIMBING SEND CAMP OLTRE FINALE,,
rockbusters_finaleligure_sportclimbing_3.html,Hero pricing summary,True,,,Dates | Duration | Location | Level | Coaches
rockbusters_finaleligure_sportclimbing_3.html,Facts strip,True,,,Italy | 2 Weeks | Grade | Max Group Size | Price
rockbusters_finaleligure_sportclimbing_3.html,Overview,True,"Climb Better, Harder & More",About This Course,
rockbusters_finaleligure_sportclimbing_3.html,Overview fact tiles,True,,,Duration | Location | Grade Range | Group Size | Coaches | Price
rockbusters_finaleligure_sportclimbing_3.html,Other dates / route schedule / related notice,True,This Course Travels,Other Dates,
rockbusters_finaleligure_sportclimbing_3.html,Gallery,True,"Pockets, Pesto & The Mediterranean","Real Rock, Real Finale",
rockbusters_finaleligure_sportclimbing_3.html,Audience,True,Built for the Grade-Curious,Who Should Show Up,The Gym-to-Crag Climber | The Plateaued Climber | The Two-Week Traveler
rockbusters_finaleligure_sportclimbing_3.html,Learning pillars,True,Three Skills Worth the Trip,The Coaching,Technique | Mental Game | Tactics
rockbusters_finaleligure_sportclimbing_3.html,Programme / daily flow,True,How the Two Weeks Flow,Course Arc,
rockbusters_finaleligure_sportclimbing_3.html,Programme companion panel,True,Where You'll Climb,The Crags,Crag | Style | Grade Range
rockbusters_finaleligure_sportclimbing_3.html,Venue / route area,True,"Finale Ligure, Italy",The Venue,
rockbusters_finaleligure_sportclimbing_3.html,Coaches / guides,True,World-Class Coaches,Your Coaching Team,
rockbusters_finaleligure_sportclimbing_3.html,Reviews,True,What Past Climbers Say,Results,
rockbusters_finaleligure_sportclimbing_3.html,Practical logistics,True,We Sorted the Boring Bits,Accommodation & Logistics,Accommodation | Getting There | Gear | Group Size
rockbusters_finaleligure_sportclimbing_3.html,Inclusions / package,True,Full Package,What's Included,
rockbusters_finaleligure_sportclimbing_3.html,FAQ,True,Common Questions,FAQ,
rockbusters_finaleligure_sportclimbing_3.html,Closing booking CTA,True,Ready for Finale?,Reserve Your Place,"Reserve Your Place | Read the Programme | Book Now — €1,890"
rockbusters_istria_easter.html,Hero,True,ISTRIAN EASTER ASCENT (2 WEEKS),,
rockbusters_istria_easter.html,Hero pricing summary,True,,,Dates | Duration | Location | Level | Coaches
rockbusters_istria_easter.html,Facts strip,True,,,Adriatic Limestone | 14 Days | Grade | Climbing Areas | Price (2 Weeks)
rockbusters_istria_easter.html,Overview,True,Trade Chocolate Eggs for Limestone,About This Retreat,
rockbusters_istria_easter.html,Overview fact tiles,True,,,Duration | Location | Grade Range | Climbing Areas | Coaches | Price
rockbusters_istria_easter.html,Other dates / route schedule / related notice,True,This Course Travels,Other Dates,
rockbusters_istria_easter.html,Gallery,True,"Fjords, Canyons & Spring Sunshine","Real Rock, Real Adriatic",
rockbusters_istria_easter.html,Audience,True,Built for the Season Kickstart,Who Should Show Up,The Winter-Rusty Climber | The Variety Seeker | The Easter Escapee
rockbusters_istria_easter.html,Learning pillars,True,Three Skills Across Four Crags,The Coaching,Technique | Mental Game | Tactics
rockbusters_istria_easter.html,Programme / daily flow,True,A Typical Day,Daily Structure,
rockbusters_istria_easter.html,Programme companion panel,True,Which Format?,1 Week vs 2 Weeks,"What's Included | 1 Week €1,090 | 2 Weeks €1,990"
rockbusters_istria_easter.html,Venue / route area,True,"Istria, Croatia",The Venue,
rockbusters_istria_easter.html,Coaches / guides,True,World-Class Coaches,Your Coaching Team,
rockbusters_istria_easter.html,Reviews,True,What Past Climbers Say,Results,
rockbusters_istria_easter.html,Practical logistics,True,We Sorted the Boring Bits,Accommodation & Logistics,Accommodation | Getting There | Gear | Group Size
rockbusters_istria_easter.html,Inclusions / package,True,Full Package,What's Included,
rockbusters_istria_easter.html,FAQ,True,Common Questions,FAQ,
rockbusters_istria_easter.html,Closing booking CTA,True,Ready to Skip the Egg Hunt?,Reserve Your Place,"Reserve Your Place | Read the Programme | Book Now — €1,990"
rockbusters_knotsstone_czech.html,Hero,True,KNOTS & STONE: CZECH CLIMBING TRADITION,,
rockbusters_knotsstone_czech.html,Hero pricing summary,True,,,Dates | Duration | Location | Level | Coach
rockbusters_knotsstone_czech.html,Facts strip,True,,,Sandstone Trad Tradition | 6 Days | Min. Lead Grade | Max Participants | Price
rockbusters_knotsstone_czech.html,Overview,True,Where Metal Protection Isn't Allowed,About This Course,
rockbusters_knotsstone_czech.html,Overview fact tiles,True,,,Duration | Location | Min. Lead Grade | Group Size | Coach | Price
rockbusters_knotsstone_czech.html,Other dates / route schedule / related notice,True,More Ways to Join,Other Dates,
rockbusters_knotsstone_czech.html,Gallery,True,"Towers, Textile & a Century of Ethics","Real Rock, Real Tradition",
rockbusters_knotsstone_czech.html,Audience,True,Built for the Trad-Curious,Who Should Show Up,The Experienced Trad Leader | The Climbing Historian | The Mentally Curious
rockbusters_knotsstone_czech.html,Learning pillars,True,Three Skills You Won't Learn Elsewhere,The Coaching,Technique | Mental Game | Tactics
rockbusters_knotsstone_czech.html,Programme / daily flow,True,The 6-Day Arc,Daily Structure,
rockbusters_knotsstone_czech.html,Programme companion panel,True,Sport Climbing vs Czech Trad,What's Different,What You're Used To | Modern Sport | Czech Trad
rockbusters_knotsstone_czech.html,Venue / route area,True,Bohemian Switzerland & Adršpach-Teplice,The Venue,
rockbusters_knotsstone_czech.html,Coaches / guides,True,World-Class Coaching,Your Coach,
rockbusters_knotsstone_czech.html,Reviews,True,What Past Climbers Say,Results,
rockbusters_knotsstone_czech.html,Practical logistics,True,We Sorted the Boring Bits,Accommodation & Logistics,Accommodation | Getting There | Gear | Group Size
rockbusters_knotsstone_czech.html,Inclusions / package,True,Full Package,What's Included,
rockbusters_knotsstone_czech.html,FAQ,True,Common Questions,FAQ,
rockbusters_knotsstone_czech.html,Closing booking CTA,True,Ready to Climb Like It's 1905?,Reserve Your Place,"Reserve Your Place | Read the Programme | Book Now — €1,150"
rockbusters_leonidio_winter.html,Hero,True,WINTER SPORT CLIMBING: LEONIDIO (2 WEEKS),,
rockbusters_leonidio_winter.html,Hero pricing summary,True,,,Dates | Duration | Location | Level | Coach
rockbusters_leonidio_winter.html,Facts strip,True,,,Greek Winter Limestone | 2 Weeks | Grade Range | Max Group Size | Price (2 Weeks)
rockbusters_leonidio_winter.html,Overview,True,Where Winter Doesn't Mean Waiting,About This Course,
rockbusters_leonidio_winter.html,Overview fact tiles,True,,,Duration | Location | Grade Range | Group Size | Coach | Price
rockbusters_leonidio_winter.html,Other dates / route schedule / related notice,True,This Course Travels,Other Dates,
rockbusters_leonidio_winter.html,Gallery,True,"Tufas, Pockets & Zero Frostbite","Real Rock, Real Winter Sun",
rockbusters_leonidio_winter.html,Audience,True,"Built for Every Level, Same Sunshine",Who Should Show Up,The Beginner Sport Climber (5a–6a) | The Intermediate Climber (6a–7a) | The Advanced Climber (7a+)
rockbusters_leonidio_winter.html,Learning pillars,True,Three Skills Worth the Winter Sun,The Coaching,Technique | Mental Game | Tactics
rockbusters_leonidio_winter.html,Programme / daily flow,True,How the Two Weeks Flow,Course Arc,
rockbusters_leonidio_winter.html,Programme companion panel,True,Which Format?,1 Week vs 2 Weeks,"What's Included | 1 Week €1,090 | 2 Weeks €1,990"
rockbusters_leonidio_winter.html,Venue / route area,True,"Leonidio, Greece",The Venue,
rockbusters_leonidio_winter.html,Coaches / guides,True,World-Class Coaching,Your Coach,
rockbusters_leonidio_winter.html,Reviews,True,What Past Climbers Say,Results,
rockbusters_leonidio_winter.html,Practical logistics,True,We Sorted the Boring Bits,Accommodation & Logistics,Accommodation | Getting There | Gear | Group Size
rockbusters_leonidio_winter.html,Inclusions / package,True,Full Package,What's Included,
rockbusters_leonidio_winter.html,FAQ,True,Common Questions,FAQ,
rockbusters_leonidio_winter.html,Closing booking CTA,True,Ready to Skip Winter Entirely?,Reserve Your Place,"Reserve Your Place | Read the Programme | Book Now — €1,990"
rockbusters_projectX_rodellar.html,Hero,True,PROJECT X: SEND & WORK,,
rockbusters_projectX_rodellar.html,Hero pricing summary,True,,,Dates | Duration | Location | Level | Coach
rockbusters_projectX_rodellar.html,Facts strip,True,,,Project Camp | 10–12 Climbing Days | Min. Redpoint Grade | Min. Participants | Price
rockbusters_projectX_rodellar.html,Overview,True,Where Mileage Becomes a Project,About This Camp,
rockbusters_projectX_rodellar.html,Overview fact tiles,True,,,Duration | Location | Min. Redpoint Grade | Group Size | Coach | Price
rockbusters_projectX_rodellar.html,Other dates / route schedule / related notice,True,More Ways to Project,Other Dates,
rockbusters_projectX_rodellar.html,Gallery,True,"Burns, Beta & Zero Wasted Days","Real Rock, Real Sends",
rockbusters_projectX_rodellar.html,Audience,True,Built for the Gate-Kept,Who Should Show Up,The 7a/7b Gatekept Climber | The Remote Worker Who Refuses to Choose | The Redpoint Tactician
rockbusters_projectX_rodellar.html,Learning pillars,True,Three Skills Worth the Send,The Coaching,Technique | Mental Game | Tactics
rockbusters_projectX_rodellar.html,Programme / daily flow,True,A Typical Day,Daily Structure,
rockbusters_projectX_rodellar.html,Programme companion panel,True,1 Week vs PROJECT X,The Sweet Spot,What You Get | Typical 1-Week Trip | PROJECT X — 2 Weeks
rockbusters_projectX_rodellar.html,Venue / route area,True,"Rodellar, Spain",The Venue,
rockbusters_projectX_rodellar.html,Coaches / guides,True,World-Class Coaching,Your Coach,
rockbusters_projectX_rodellar.html,Reviews,True,What Past Climbers Say,Results,
rockbusters_projectX_rodellar.html,Practical logistics,True,We Sorted the Boring Bits,Accommodation & Logistics,Accommodation | Getting There | Gear | Group Size
rockbusters_projectX_rodellar.html,Inclusions / package,True,Full Package,What's Included,
rockbusters_projectX_rodellar.html,FAQ,True,Common Questions,FAQ,
rockbusters_projectX_rodellar.html,Closing booking CTA,True,Ready to Clip the Chains?,Reserve Your Place,"Reserve Your Place | Read the Programme | Book Now — €1,590"
rockbusters_sportclimbing_kalymnos.html,Hero,True,"SPORT CLIMBING COURSE KALYMNOS, GREECE",,
rockbusters_sportclimbing_kalymnos.html,Hero pricing summary,True,,,Dates | Duration | Location | Level | Coaches
rockbusters_sportclimbing_kalymnos.html,Facts strip,True,,,Greek Limestone | 14 Days | Grade | Min. Participants | Price (2 Weeks)
rockbusters_sportclimbing_kalymnos.html,Overview,True,Where Tufas Teach Patience,About This Course,
rockbusters_sportclimbing_kalymnos.html,Overview fact tiles,True,,,Duration | Location | Grade Range | Group Size | Coaches | Price
rockbusters_sportclimbing_kalymnos.html,Other dates / route schedule / related notice,True,This Course Travels,Other Dates,
rockbusters_sportclimbing_kalymnos.html,Gallery,True,"Tufas, Pockets & Pure Grit","Real Rock, Real Kalymnos",
rockbusters_sportclimbing_kalymnos.html,Audience,True,Built for the Gym-to-Crag Gap,Who Should Show Up,The Gym-to-Crag Climber | The Plateaued Climber | The Solo Traveler Who Wants a Crew
rockbusters_sportclimbing_kalymnos.html,Learning pillars,True,Three Skills Worth the Trip,The Coaching,Technique | Mental Game | Tactics
rockbusters_sportclimbing_kalymnos.html,Programme / daily flow,True,A Typical Day,Daily Structure,
rockbusters_sportclimbing_kalymnos.html,Programme companion panel,True,Which Format?,1 Week vs 2 Weeks,"What's Included | 1 Week €1,090 | 2 Weeks €1,890"
rockbusters_sportclimbing_kalymnos.html,Venue / route area,True,"Kalymnos, Greece",The Venue,
rockbusters_sportclimbing_kalymnos.html,Coaches / guides,True,World-Class Coaches,Your Coaching Team,
rockbusters_sportclimbing_kalymnos.html,Reviews,True,What Past Climbers Say,Results,
rockbusters_sportclimbing_kalymnos.html,Practical logistics,True,We Sorted the Boring Bits,Accommodation & Logistics,Accommodation | Getting There | Gear | Group Size
rockbusters_sportclimbing_kalymnos.html,Inclusions / package,True,Full Package,What's Included,
rockbusters_sportclimbing_kalymnos.html,FAQ,True,Common Questions,FAQ,
rockbusters_sportclimbing_kalymnos.html,Closing booking CTA,True,"Ready to Climb Better, Harder, More?",Reserve Your Place,"Reserve Your Place | Read the Programme | Book Now — €1,890"
