oldUrl,oldPath,urlType,inOldSitemap,discoveredFromFutureEventPage,linkedFromOldEvent,tier,auditClassification,auditTargetCandidate,auditTargetStatus,auditCategorySlug,tier1DateTargetCandidate,tier1DateTargetStatus,payloadDateId
https://rockbusters.net/,/,other-site-url,true,false,,,,,,,,,
https://rockbusters.net/event-date/,/event-date,other-site-url,true,false,,,,,,,,,
https://rockbusters.net/private-guiding,/private-guiding,other-site-url,true,false,,,,,,,,,
https://rockbusters.net/location/,/location,other-site-url,true,false,,,,,,,,,
https://rockbusters.net/team-member/,/team-member,other-site-url,true,false,,,,,,,,,
https://rockbusters.net/blog/,/blog,other-site-url,true,false,,,,,,,,,
https://rockbusters.net/contact,/contact,other-site-url,true,false,,,,,,,,,
https://rockbusters.net/event-date/sport-climbing--2018-07-07-190,/event-date/sport-climbing--2018-07-07-190,event-date,true,false,,,historical-slug-backfill-review,/trips?category=sport-climbing-holidays,category-fallback-ready,sport-climbing-holidays,,,
https://rockbusters.net/event-date/sport-climbing--2018-07-07-189,/event-date/sport-climbing--2018-07-07-189,event-date,true,false,,,historical-slug-backfill-review,/trips?category=sport-climbing-holidays,category-fallback-ready,sport-climbing-holidays,,,
https://rockbusters.net/event-date/sport-climbing--2018-07-14-191,/event-date/sport-climbing--2018-07-14-191,event-date,true,false,,,historical-slug-backfill-review,/trips?category=sport-climbing-holidays,category-fallback-ready,sport-climbing-holidays,,,
https://rockbusters.net/event-date/sandstone-climbing--2018-08-11-177,/event-date/sandstone-climbing--2018-08-11-177,event-date,true,false,,,historical-slug-backfill-review,/trips?category=trad-multipitch,category-fallback-empty-category,trad-multipitch,,,
https://rockbusters.net/event-date/climbing-trip-europe--2018-08-18-149,/event-date/climbing-trip-europe--2018-08-18-149,event-date,true,false,,,historical-slug-backfill-review,/trips?category=expeditions,category-fallback-ready,expeditions,,,
https://rockbusters.net/event-date/deep-water-solo-mallorca--2018-10-20-155,/event-date/deep-water-solo-mallorca--2018-10-20-155,event-date,true,false,,,evergreen-candidate,/trips/deep-water-solo-mallorca/mallorca,ready-indexable-equivalent-variant,,,,
https://rockbusters.net/event-date/christmas-climbing-holiday--2018-12-22-184,/event-date/christmas-climbing-holiday--2018-12-22-184,event-date,true,false,,,identity-unresolved,/trips?category=sport-climbing-holidays,category-fallback-ready,sport-climbing-holidays,,,
https://rockbusters.net/event-date/climbing-trip-spain--2019-03-30-195,/event-date/climbing-trip-spain--2019-03-30-195,event-date,true,false,,,historical-slug-backfill-review,/trips?category=expeditions,category-fallback-ready,expeditions,,,
https://rockbusters.net/event/deep-water-solo-mallorca,/event/deep-water-solo-mallorca,event,true,false,,tier-1-event-with-future-dates,single-evergreen-candidate,/trips/deep-water-solo-mallorca/mallorca,ready-indexable-variant,,,,
https://rockbusters.net/event/climbing-trip-europe,/event/climbing-trip-europe,event,true,false,,tier-1-event-with-future-dates,indexable-parent-hub-candidate,/trips/europe-rock-climbing-trip,ready-indexable-parent-hub,,,,
https://rockbusters.net/event/sport-climbing,/event/sport-climbing,event,true,false,,tier-1-event-with-future-dates,indexable-parent-hub-candidate,/trips/sport-climbing,ready-indexable-parent-hub,,,,
https://rockbusters.net/event/girls-climbing,/event/girls-climbing,event,true,false,,tier-1-event-with-future-dates,single-evergreen-candidate,/trips/woman-climbing/cuenca,ready-indexable-variant,,,,
https://rockbusters.net/test-center/,/test-center,other-site-url,true,false,,,,,,,,,
https://rockbusters.net/partner/,/partner,other-site-url,true,false,,,,,,,,,
https://rockbusters.net/event/,/event,other-site-url,true,false,,,,,,,,,
https://rockbusters.net/terms-and-conditions,/terms-and-conditions,other-site-url,true,false,,,,,,,,,
https://rockbusters.net/event-date/klemen-becan-performance-coaching-workshop--2018-07-10-213,/event-date/klemen-becan-performance-coaching-workshop--2018-07-10-213,event-date,true,false,,,historical-slug-backfill-review,/trips?category=performance-technique-camps,category-fallback-ready,performance-technique-camps,,,
https://rockbusters.net/event-date/alpine-rock-climbing-in-chamonix--2018-07-28-201,/event-date/alpine-rock-climbing-in-chamonix--2018-07-28-201,event-date,true,false,,,identity-unresolved,/trips?category=trad-multipitch,category-fallback-empty-category,trad-multipitch,,,
https://rockbusters.net/event-date/trad-and-multipitch-climbing--2018-08-06-212,/event-date/trad-and-multipitch-climbing--2018-08-06-212,event-date,true,false,,,historical-slug-backfill-review,/trips?category=trad-multipitch,category-fallback-empty-category,trad-multipitch,,,
https://rockbusters.net/event-date/climbing-trip-europe--2018-08-18-159,/event-date/climbing-trip-europe--2018-08-18-159,event-date,true,false,,,evergreen-candidate,/trips/europe-rock-climbing-trip/labske-udoli,ready-indexable-equivalent-variant,,,,
https://rockbusters.net/event-date/climbing-trip-europe--2018-08-25-160,/event-date/climbing-trip-europe--2018-08-25-160,event-date,true,false,,,identity-unresolved,/trips?category=expeditions,category-fallback-ready,expeditions,,,
https://rockbusters.net/event-date/alpine-rock-climbing-in-chamonix--2018-08-25-202,/event-date/alpine-rock-climbing-in-chamonix--2018-08-25-202,event-date,true,false,,,identity-unresolved,/trips?category=trad-multipitch,category-fallback-empty-category,trad-multipitch,,,
https://rockbusters.net/event-date/climbing-trip-europe--2018-09-01-161,/event-date/climbing-trip-europe--2018-09-01-161,event-date,true,false,,,identity-unresolved,/trips?category=expeditions,category-fallback-ready,expeditions,,,
https://rockbusters.net/event-date/climbing-trip-europe--2018-09-08-162,/event-date/climbing-trip-europe--2018-09-08-162,event-date,true,false,,,evergreen-candidate,/trips/europe-rock-climbing-trip/finale-ligure,ready-indexable-equivalent-variant,,,,
https://rockbusters.net/event-date/climbing-trip-europe--2018-09-15-163,/event-date/climbing-trip-europe--2018-09-15-163,event-date,true,false,,,evergreen-candidate,/trips/europe-rock-climbing-trip/ceuse,ready-indexable-equivalent-variant,,,,
https://rockbusters.net/event-date/sandstone-climbing--2018-09-15-180,/event-date/sandstone-climbing--2018-09-15-180,event-date,true,false,,,historical-slug-backfill-review,/trips?category=trad-multipitch,category-fallback-empty-category,trad-multipitch,,,
https://rockbusters.net/event-date/climbing-trip-europe--2018-09-22-164,/event-date/climbing-trip-europe--2018-09-22-164,event-date,true,false,,,evergreen-candidate,/trips/europe-rock-climbing-trip/gorges-du-tarn,ready-indexable-equivalent-variant,,,,
https://rockbusters.net/event-date/climbing-trip-europe--2018-09-29-165,/event-date/climbing-trip-europe--2018-09-29-165,event-date,true,false,,,evergreen-candidate,/trips/europe-rock-climbing-trip/margalef,ready-indexable-equivalent-variant,,,,
https://rockbusters.net/event-date/climbing-trip-europe--2018-10-06-166,/event-date/climbing-trip-europe--2018-10-06-166,event-date,true,false,,,evergreen-candidate,/trips/europe-rock-climbing-trip/rodellar,ready-indexable-equivalent-variant,,,,
https://rockbusters.net/event-date/deep-water-solo-mallorca--2018-10-20-175,/event-date/deep-water-solo-mallorca--2018-10-20-175,event-date,true,false,,,evergreen-candidate,/trips/deep-water-solo-mallorca/mallorca,ready-indexable-equivalent-variant,,,,
https://rockbusters.net/event-date/deep-water-solo-mallorca--2018-10-27-176,/event-date/deep-water-solo-mallorca--2018-10-27-176,event-date,true,false,,,evergreen-candidate,/trips/deep-water-solo-mallorca/mallorca,ready-indexable-equivalent-variant,,,,
https://rockbusters.net/event-date/klemen-becan-performance-coaching-workshop--2018-11-17-187,/event-date/klemen-becan-performance-coaching-workshop--2018-11-17-187,event-date,true,false,,,historical-slug-backfill-review,/trips?category=performance-technique-camps,category-fallback-ready,performance-technique-camps,,,
https://rockbusters.net/event-date/klemen-becan-performance-coaching-workshop--2018-11-17-193,/event-date/klemen-becan-performance-coaching-workshop--2018-11-17-193,event-date,true,false,,,historical-slug-backfill-review,/trips?category=performance-technique-camps,category-fallback-ready,performance-technique-camps,,,
https://rockbusters.net/event-date/klemen-becan-performance-coaching-workshop--2018-11-24-194,/event-date/klemen-becan-performance-coaching-workshop--2018-11-24-194,event-date,true,false,,,historical-slug-backfill-review,/trips?category=performance-technique-camps,category-fallback-ready,performance-technique-camps,,,
https://rockbusters.net/event-date/christmas-climbing-holiday--2018-12-22-185,/event-date/christmas-climbing-holiday--2018-12-22-185,event-date,true,false,,,identity-unresolved,/trips?category=sport-climbing-holidays,category-fallback-ready,sport-climbing-holidays,,,
https://rockbusters.net/event-date/christmas-climbing-holiday--2018-12-29-186,/event-date/christmas-climbing-holiday--2018-12-29-186,event-date,true,false,,,identity-unresolved,/trips?category=sport-climbing-holidays,category-fallback-ready,sport-climbing-holidays,,,
https://rockbusters.net/event-date/climbing-trip-spain--2019-03-30-196,/event-date/climbing-trip-spain--2019-03-30-196,event-date,true,false,,,evergreen-candidate,/trips/climbing-trip-spain/sella,ready-indexable-equivalent-variant,,,,
https://rockbusters.net/event-date/climbing-trip-spain--2019-04-06-197,/event-date/climbing-trip-spain--2019-04-06-197,event-date,true,false,,,historical-slug-backfill-review,/trips?category=expeditions,category-fallback-ready,expeditions,,,
https://rockbusters.net/event-date/climbing-trip-spain--2019-04-13-198,/event-date/climbing-trip-spain--2019-04-13-198,event-date,true,false,,,evergreen-candidate,/trips/climbing-trip-spain/margalef,ready-indexable-equivalent-variant,,,,
https://rockbusters.net/event-date/climbing-trip-spain--2019-04-20-199,/event-date/climbing-trip-spain--2019-04-20-199,event-date,true,false,,,evergreen-candidate,/trips/climbing-trip-spain/siurana,ready-indexable-equivalent-variant,,,,
https://rockbusters.net/event-date/trad-and-multipitch-climbing--2019-04-27-207,/event-date/trad-and-multipitch-climbing--2019-04-27-207,event-date,true,false,,,identity-unresolved,/trips?category=trad-multipitch,category-fallback-empty-category,trad-multipitch,,,
https://rockbusters.net/event-date/klemen-becan-performance-coaching-workshop--2019-05-18-204,/event-date/klemen-becan-performance-coaching-workshop--2019-05-18-204,event-date,true,false,,,identity-unresolved,/trips?category=performance-technique-camps,category-fallback-ready,performance-technique-camps,,,
https://rockbusters.net/event-date/klemen-becan-performance-coaching-workshop--2019-05-18-208,/event-date/klemen-becan-performance-coaching-workshop--2019-05-18-208,event-date,true,false,,,evergreen-candidate,/trips/climbing-technique-mental-coaching/rodellar,ready-indexable-equivalent-variant,,,,
https://rockbusters.net/event-date/klemen-becan-performance-coaching-workshop--2019-05-25-209,/event-date/klemen-becan-performance-coaching-workshop--2019-05-25-209,event-date,true,false,,,identity-unresolved,/trips?category=performance-technique-camps,category-fallback-ready,performance-technique-camps,,,
https://rockbusters.net/event-date/girls-climbing--2019-06-15-205,/event-date/girls-climbing--2019-06-15-205,event-date,true,false,,,identity-unresolved,/trips?category=sport-climbing-holidays,category-fallback-ready,sport-climbing-holidays,,,
https://rockbusters.net/event-date/girls-climbing--2019-06-15-210,/event-date/girls-climbing--2019-06-15-210,event-date,true,false,,,identity-unresolved,/trips?category=sport-climbing-holidays,category-fallback-ready,sport-climbing-holidays,,,
https://rockbusters.net/event-date/girls-climbing--2019-06-22-211,/event-date/girls-climbing--2019-06-22-211,event-date,true,false,,,identity-unresolved,/trips?category=sport-climbing-holidays,category-fallback-ready,sport-climbing-holidays,,,
https://rockbusters.net/event-date/climbing-trip-europe--2019-08-17-206,/event-date/climbing-trip-europe--2019-08-17-206,event-date,true,false,,,historical-slug-backfill-review,/trips?category=expeditions,category-fallback-ready,expeditions,,,
https://rockbusters.net/location/albarracin,/location/albarracin,other-site-url,true,false,,,,,,,,,
https://rockbusters.net/location/arco,/location/arco,other-site-url,true,false,,,,,,,,,
https://rockbusters.net/location/cesky-raj,/location/cesky-raj,other-site-url,true,false,,,,,,,,,
https://rockbusters.net/location/ceuse,/location/ceuse,other-site-url,true,false,,,,,,,,,
https://rockbusters.net/location/chamonix,/location/chamonix,other-site-url,true,false,,,,,,,,,
https://rockbusters.net/location/cuenca,/location/cuenca,other-site-url,true,false,,,,,,,,,
https://rockbusters.net/location/durance-valley-hautes-alps,/location/durance-valley-hautes-alps,other-site-url,true,false,,,,,,,,,
https://rockbusters.net/location/el-chorro,/location/el-chorro,other-site-url,true,false,,,,,,,,,
https://rockbusters.net/location/etxauri,/location/etxauri,other-site-url,true,false,,,,,,,,,
https://rockbusters.net/location/finale-ligure,/location/finale-ligure,other-site-url,true,false,,,,,,,,,
https://rockbusters.net/location/frankenjura,/location/frankenjura,other-site-url,true,false,,,,,,,,,
https://rockbusters.net/location/gorge-de-la-jonte,/location/gorge-de-la-jonte,other-site-url,true,false,,,,,,,,,
https://rockbusters.net/location/gorges-du-tarn,/location/gorges-du-tarn,other-site-url,true,false,,,,,,,,,
https://rockbusters.net/location/gorges-du-verdon,/location/gorges-du-verdon,other-site-url,true,false,,,,,,,,,
https://rockbusters.net/location/gran-canaria,/location/gran-canaria,other-site-url,true,false,,,,,,,,,
https://rockbusters.net/location/kalymnos,/location/kalymnos,other-site-url,true,false,,,,,,,,,
https://rockbusters.net/location/labske-udoli,/location/labske-udoli,other-site-url,true,false,,,,,,,,,
https://rockbusters.net/location/les-calanques-de-marseille,/location/les-calanques-de-marseille,other-site-url,true,false,,,,,,,,,
https://rockbusters.net/location/mallorca,/location/mallorca,other-site-url,true,false,,,,,,,,,
https://rockbusters.net/location/malta,/location/malta,other-site-url,true,false,,,,,,,,,
https://rockbusters.net/location/margalef,/location/margalef,other-site-url,true,false,,,,,,,,,
https://rockbusters.net/location/monobloc-reus-spain,/location/monobloc-reus-spain,other-site-url,true,false,,,,,,,,,
https://rockbusters.net/location/montgrony,/location/montgrony,other-site-url,true,false,,,,,,,,,
https://rockbusters.net/location/oliana,/location/oliana,other-site-url,true,false,,,,,,,,,
https://rockbusters.net/location/riglos,/location/riglos,other-site-url,true,false,,,,,,,,,
https://rockbusters.net/location/rodellar,/location/rodellar,other-site-url,true,false,,,,,,,,,
https://rockbusters.net/location/sella,/location/sella,other-site-url,true,false,,,,,,,,,
https://rockbusters.net/location/siurana,/location/siurana,other-site-url,true,false,,,,,,,,,
https://rockbusters.net/location/terradets,/location/terradets,other-site-url,true,false,,,,,,,,,
https://rockbusters.net/location/val-di-mello,/location/val-di-mello,other-site-url,true,false,,,,,,,,,
https://rockbusters.net/location/valdegovia,/location/valdegovia,other-site-url,true,false,,,,,,,,,
https://rockbusters.net/location/zillertal,/location/zillertal,other-site-url,true,false,,,,,,,,,
https://rockbusters.net/team-member/jan-novotny,/team-member/jan-novotny,other-site-url,true,false,,,,,,,,,
https://rockbusters.net/team-member/laszlo-juhasz,/team-member/laszlo-juhasz,other-site-url,true,false,,,,,,,,,
https://rockbusters.net/team-member/pablo-ruiz-seco,/team-member/pablo-ruiz-seco,other-site-url,true,false,,,,,,,,,
https://rockbusters.net/team-member/ritch-mayfield,/team-member/ritch-mayfield,other-site-url,true,false,,,missing-guide-team-index-fallback,/team,reviewed-team-index-fallback,,,,
https://rockbusters.net/team-member/petra-pivonkova,/team-member/petra-pivonkova,other-site-url,true,false,,,,,,,,,
https://rockbusters.net/team-member/maribel-vara,/team-member/maribel-vara,other-site-url,true,false,,,missing-guide-team-index-fallback,/team,reviewed-team-index-fallback,,,,
https://rockbusters.net/team-member/adam-ondra-pro-climber,/team-member/adam-ondra-pro-climber,other-site-url,true,false,,,,,,,,,
https://rockbusters.net/team-member/patxi-usobiaga-pro-climber,/team-member/patxi-usobiaga-pro-climber,other-site-url,true,false,,,,,,,,,
https://rockbusters.net/team-member/pablo-scorza-fyziotherapist-biomechanica-funcional,/team-member/pablo-scorza-fyziotherapist-biomechanica-funcional,other-site-url,true,false,,,,,,,,,
https://rockbusters.net/team-member/berengere-rapeneau,/team-member/berengere-rapeneau,other-site-url,true,false,,,,,,,,,
https://rockbusters.net/team-member/hazel-findlay,/team-member/hazel-findlay,other-site-url,true,false,,,,,,,,,
https://rockbusters.net/team-member/will-sim,/team-member/will-sim,other-site-url,true,false,,,missing-guide-team-index-fallback,/team,reviewed-team-index-fallback,,,,
https://rockbusters.net/team-member/klemen-becan,/team-member/klemen-becan,other-site-url,true,false,,,,,,,,,
https://rockbusters.net/team-member/michelle-o-loughlin,/team-member/michelle-o-loughlin,other-site-url,true,false,,,missing-guide-team-index-fallback,/team,reviewed-team-index-fallback,,,,
https://rockbusters.net/team-member/pavel-ryva,/team-member/pavel-ryva,other-site-url,true,false,,,,,,,,,
https://rockbusters.net/team-member/benjamin-brochard,/team-member/benjamin-brochard,other-site-url,true,false,,,missing-guide-team-index-fallback,/team,reviewed-team-index-fallback,,,,
https://rockbusters.net/team-member/linda-synakova,/team-member/linda-synakova,other-site-url,true,false,,,,,,,,,
https://rockbusters.net/blog/climber-performance-rating,/blog/climber-performance-rating,other-site-url,true,false,,,,,,,,,
https://rockbusters.net/blog/adam-ondra-teaches-epictv-climbing-presenter-how-to-climb-in-margalef,/blog/adam-ondra-teaches-epictv-climbing-presenter-how-to-climb-in-margalef,other-site-url,true,false,,,,,,,,,
https://rockbusters.net/blog/video-pete-whittaker-climbing-el-capitan-rope-free-solo-in-under-24h,/blog/video-pete-whittaker-climbing-el-capitan-rope-free-solo-in-under-24h,other-site-url,true,false,,,,,,,,,
https://rockbusters.net/blog/edu-marin-bolts-the-biggest-roof-climb-in-the-world,/blog/edu-marin-bolts-the-biggest-roof-climb-in-the-world,other-site-url,true,false,,,,,,,,,
https://rockbusters.net/blog/epictv-climbing-daily-rockbusters-physiotherapists-pablo-scorza-margalef,/blog/epictv-climbing-daily-rockbusters-physiotherapists-pablo-scorza-margalef,other-site-url,true,false,,,,,,,,,
https://rockbusters.net/blog/klemen-becan-from-competitions-to-the-hardest-rock-climbing,/blog/klemen-becan-from-competitions-to-the-hardest-rock-climbing,other-site-url,true,false,,,,,,,,,
https://rockbusters.net/blog/patxi-usobiaga-climbing-pachamama-9a-b,/blog/patxi-usobiaga-climbing-pachamama-9a-b,other-site-url,true,false,,,,,,,,,
https://rockbusters.net/blog/27crags-from-passion-for-climbing-to-building-a-company,/blog/27crags-from-passion-for-climbing-to-building-a-company,other-site-url,true,false,,,,,,,,,
https://rockbusters.net/blog/hard-projecting-with-paul-robinson-jumpman-v14-8b,/blog/hard-projecting-with-paul-robinson-jumpman-v14-8b,other-site-url,true,false,,,,,,,,,
https://rockbusters.net/blog/movie-trailer-the-dawn-wall-with-tommy-caldwell-and-kevin-jorgeson,/blog/movie-trailer-the-dawn-wall-with-tommy-caldwell-and-kevin-jorgeson,other-site-url,true,false,,,,,,,,,
https://rockbusters.net/blog/the-benefits-of-pro-climbers-coaching,/blog/the-benefits-of-pro-climbers-coaching,other-site-url,true,false,,,,,,,,,
https://rockbusters.net/blog/adam-ondra-silence,/blog/adam-ondra-silence,other-site-url,true,false,,,,,,,,,
https://rockbusters.net/blog/whats-europes-best-bouldering-destination,/blog/whats-europes-best-bouldering-destination,other-site-url,true,false,,,,,,,,,
https://rockbusters.net/blog/category/promo,/blog/category/promo,other-site-url,true,false,,,,,,,,,
https://rockbusters.net/blog/category/guest-post,/blog/category/guest-post,other-site-url,true,false,,,,,,,,,
https://rockbusters.net/blog/category/collaboration,/blog/category/collaboration,other-site-url,true,false,,,,,,,,,
https://rockbusters.net/blog/category/climbing-destinations,/blog/category/climbing-destinations,other-site-url,true,false,,,,,,,,,
https://rockbusters.net/blog/category/trad-climbing,/blog/category/trad-climbing,other-site-url,true,false,,,,,,,,,
https://rockbusters.net/blog/category/bouldering,/blog/category/bouldering,other-site-url,true,false,,,existing-empty-blog-category,/blog/category/bouldering,live-200-self-canonical-empty-category,,,,
https://rockbusters.net/blog/category/sport-climbing,/blog/category/sport-climbing,other-site-url,true,false,,,,,,,,,
https://rockbusters.net/blog/category/video,/blog/category/video,other-site-url,true,false,,,existing-empty-blog-category,/blog/category/video,live-200-self-canonical-empty-category,,,,
https://rockbusters.net/event-date/beginners-climbing--2018-07-07-167,/event-date/beginners-climbing--2018-07-07-167,event-date,true,false,,,historical-slug-backfill-review,/trips?category=sport-climbing-courses,category-fallback-ready,sport-climbing-courses,,,
https://rockbusters.net/event/singing-rock-mobile-test-center,/event/singing-rock-mobile-test-center,event,true,false,,,event-identity-review,,missing-target,,,,
https://rockbusters.net/event/beginners-climbing,/event/beginners-climbing,event,true,false,,,noindex-parent-hub-review,/trips/beginner-climbing-course,target-not-indexable-or-unverified,,,,
https://rockbusters.net/event/bouldering-albarracin,/event/bouldering-albarracin,event,true,false,,tier-1-event-with-future-dates,indexable-parent-hub-candidate,/trips/bouldering-albarracin,ready-indexable-parent-hub,,,,
https://rockbusters.net/event/trad-and-multipitch-climbing,/event/trad-and-multipitch-climbing,event,true,false,,,archive-content-review,/trips/multipitch-climbing-course,target-not-indexable-or-unverified,,,,
https://rockbusters.net/event/sandstone-climbing,/event/sandstone-climbing,event,true,false,,,archive-content-review,/trips/sandstone-climbing,target-not-indexable-or-unverified,,,,
https://rockbusters.net/event/climbing-coaching-on-sight-red-point,/event/climbing-coaching-on-sight-red-point,event,true,false,,,archive-content-review,/trips/climbing-coaching-on-sight-red-point,target-not-indexable-or-unverified,,,,
https://rockbusters.net/event/climbing-coaching-footwork-balance,/event/climbing-coaching-footwork-balance,event,true,false,,,archive-content-review,/trips/climbing-coaching-footwork-balance,target-not-indexable-or-unverified,,,,
https://rockbusters.net/event/climbing-coaching-overhangs,/event/climbing-coaching-overhangs,event,true,false,,,archive-content-review,/trips/climbing-coaching-overhangs,target-not-indexable-or-unverified,,,,
https://rockbusters.net/event/climbing-weekends,/event/climbing-weekends,event,true,false,,,event-identity-review,,missing-target,,,,
https://rockbusters.net/event/christmas-climbing-holiday,/event/christmas-climbing-holiday,event,true,false,,,event-identity-review,,missing-target,,,,
https://rockbusters.net/event/easter-climbing-in-sella,/event/easter-climbing-in-sella,event,true,false,,,event-identity-review,,missing-target,,,,
https://rockbusters.net/event/rockbusters-climbing-express,/event/rockbusters-climbing-express,event,true,false,,,event-identity-review,,missing-target,,,,
https://rockbusters.net/event/climbing-trip-spain,/event/climbing-trip-spain,event,true,false,,tier-1-event-with-future-dates,indexable-parent-hub-candidate,/trips/climbing-trip-spain,ready-indexable-parent-hub,,,,
https://rockbusters.net/event/rockbusters-private-guiding,/event/rockbusters-private-guiding,event,true,false,,,event-identity-review,,missing-target,,,,
https://rockbusters.net/event/adam-ondra-on-sight-red-point,/event/adam-ondra-on-sight-red-point,event,true,false,,,archive-content-review,/trips/adam-ondra-on-sight-red-point,target-not-indexable-or-unverified,,,,
https://rockbusters.net/event/patxi-usobiaga-training,/event/patxi-usobiaga-training,event,true,false,,,archive-content-review,/trips/patxi-usobiaga-training,target-not-indexable-or-unverified,,,,
https://rockbusters.net/event/biomechanica-funcional,/event/biomechanica-funcional,event,true,false,,,event-identity-review,,missing-target,,,,
https://rockbusters.net/event/adam-ondra-patxi-usobiaga-work-shop,/event/adam-ondra-patxi-usobiaga-work-shop,event,true,false,,,event-identity-review,,missing-target,,,,
https://rockbusters.net/event/daila-ojeda-climbing-work-shop,/event/daila-ojeda-climbing-work-shop,event,true,false,,,event-identity-review,,missing-target,,,,
https://rockbusters.net/event/hazel-findlay-mental-coaching,/event/hazel-findlay-mental-coaching,event,true,false,,,archive-content-review,/trips/hazel-findlay-mental-coaching,target-not-indexable-or-unverified,,,,
https://rockbusters.net/event/alpine-rock-climbing-in-chamonix,/event/alpine-rock-climbing-in-chamonix,event,true,false,,,event-identity-review,,missing-target,,,,
https://rockbusters.net/event/klemen-becan-performance-coaching-workshop,/event/klemen-becan-performance-coaching-workshop,event,true,false,,tier-1-event-with-future-dates,indexable-parent-hub-candidate,/trips/climbing-technique-mental-coaching,ready-indexable-parent-hub,,,,
https://rockbusters.net/event/klemen-becan-performance-coaching-privat,/event/klemen-becan-performance-coaching-privat,event,true,false,,,event-identity-review,,missing-target,,,,
https://rockbusters.net/event/deep-water-solo-sailing-mallorca,/event/deep-water-solo-sailing-mallorca,event,true,false,,,event-identity-review,,missing-target,,,,
https://rockbusters.net/event/rockbusters-summer-2018,/event/rockbusters-summer-2018,event,true,false,,,event-identity-review,,missing-target,,,,
https://rockbusters.net/event-date/klemen-becan-performance-coaching-workshop--2018-07-14-203,/event-date/klemen-becan-performance-coaching-workshop--2018-07-14-203,event-date,true,false,,,identity-unresolved,/trips?category=performance-technique-camps,category-fallback-ready,performance-technique-camps,,,
https://rockbusters.net/event-date/climbing-trip-europe--2018-08-25-183,/event-date/climbing-trip-europe--2018-08-25-183,event-date,true,false,,,identity-unresolved,/trips?category=expeditions,category-fallback-ready,expeditions,,,
https://rockbusters.net/event-date/sport-climbing--2018-10-06-188,/event-date/sport-climbing--2018-10-06-188,event-date,true,false,,,identity-unresolved,/trips?category=sport-climbing-holidays,category-fallback-ready,sport-climbing-holidays,,,
https://rockbusters.net/event-date/beginners-climbing--2018-07-07-214,/event-date/beginners-climbing--2018-07-07-214,event-date,true,false,,,evergreen-candidate,/trips/beginner-climbing-course/sella,ready-indexable-equivalent-variant,,,,
https://rockbusters.net/event-date/klemen-becan-performance-coaching-workshop--2018-05-19-182,/event-date/klemen-becan-performance-coaching-workshop--2018-05-19-182,event-date,true,false,,,evergreen-candidate,/trips/climbing-technique-mental-coaching/rodellar,ready-indexable-equivalent-variant,,,,
https://rockbusters.net/event-date/girls-climbing--2018-06-09-174,/event-date/girls-climbing--2018-06-09-174,event-date,true,false,,,historical-slug-backfill-review,/trips?category=sport-climbing-holidays,category-fallback-ready,sport-climbing-holidays,,,
https://rockbusters.net/event-date/climbing-trip-spain--2018-04-14-151,/event-date/climbing-trip-spain--2018-04-14-151,event-date,true,false,,,evergreen-candidate,/trips/climbing-trip-spain/margalef,ready-indexable-equivalent-variant,,,,
https://rockbusters.net/event-date/bouldering-albarracin--2018-04-07-154,/event-date/bouldering-albarracin--2018-04-07-154,event-date,true,false,,,evergreen-candidate,/trips/bouldering-albarracin/albarracin,ready-indexable-equivalent-variant,,,,
https://rockbusters.net/event-date/adam-ondra-patxi-usobiaga-work-shop--2018-03-17-140,/event-date/adam-ondra-patxi-usobiaga-work-shop--2018-03-17-140,event-date,true,false,,,identity-unresolved,/trips?category=performance-technique-camps,category-fallback-ready,performance-technique-camps,,,
https://rockbusters.net/event-date/adam-ondra-patxi-usobiaga-work-shop--2018-03-10-132,/event-date/adam-ondra-patxi-usobiaga-work-shop--2018-03-10-132,event-date,true,false,,,identity-unresolved,/trips?category=performance-technique-camps,category-fallback-ready,performance-technique-camps,,,
https://rockbusters.net/event-date/climbing-trip-spain--2018-03-31-133,/event-date/climbing-trip-spain--2018-03-31-133,event-date,true,false,,,historical-slug-backfill-review,/trips?category=expeditions,category-fallback-ready,expeditions,,,
https://rockbusters.net/event-date/climbing-trip-spain--2018-04-07-142,/event-date/climbing-trip-spain--2018-04-07-142,event-date,true,false,,,historical-slug-backfill-review,/trips?category=expeditions,category-fallback-ready,expeditions,,,
https://rockbusters.net/event-date/sandstone-climbing--2018-06-23-178,/event-date/sandstone-climbing--2018-06-23-178,event-date,true,false,,,historical-slug-backfill-review,/trips?category=trad-multipitch,category-fallback-empty-category,trad-multipitch,,,
https://rockbusters.net/team-member/daila-ojeda-pro-climber,/team-member/daila-ojeda-pro-climber,other-site-url,true,false,,,,,,,,,
https://rockbusters.net/event-date/bouldering-albarracin--2026-10-31-894/,/event-date/bouldering-albarracin--2026-10-31-894,event-date,false,true,/event/bouldering-albarracin,tier-1-future-date,,,,,/trips/bouldering-albarracin/albarracin?date=2026-10-31-to-2026-11-14,ready-indexable-date,778
https://rockbusters.net/event-date/europe-rock-climbing-trip--2026-09-19-784/,/event-date/europe-rock-climbing-trip--2026-09-19-784,event-date,false,true,/event/climbing-trip-europe,tier-1-future-date,,,,,/trips/europe-rock-climbing-trip/gorges-du-tarn?date=2026-09-19-to-2026-09-26,ready-indexable-date,683
https://rockbusters.net/event-date/europe-rock-climbing-trip--2026-09-26-783/,/event-date/europe-rock-climbing-trip--2026-09-26-783,event-date,false,true,/event/climbing-trip-europe,tier-1-future-date,,,,,/trips/europe-rock-climbing-trip/margalef?date=2026-09-26-to-2026-10-03,ready-indexable-date,682
https://rockbusters.net/event-date/europe-rock-climbing-trip--2026-10-03-782/,/event-date/europe-rock-climbing-trip--2026-10-03-782,event-date,false,true,/event/climbing-trip-europe,tier-1-future-date,,,,,/trips/europe-rock-climbing-trip/rodellar?date=2026-10-03-to-2026-10-10,ready-indexable-date,681
https://rockbusters.net/event-date/europe-rock-climbing-trip--2027-08-21-829/,/event-date/europe-rock-climbing-trip--2027-08-21-829,event-date,false,true,/event/climbing-trip-europe,tier-1-future-date,,,,,/trips/europe-rock-climbing-trip/labske-udoli?date=2027-08-21-to-2027-08-28,ready-indexable-date,724
https://rockbusters.net/event-date/europe-rock-climbing-trip--2027-08-28-830/,/event-date/europe-rock-climbing-trip--2027-08-28-830,event-date,false,true,/event/climbing-trip-europe,tier-1-future-date,,,,,/trips/europe-rock-climbing-trip/frankenjura?date=2027-08-28-to-2027-09-04,ready-indexable-date,725
https://rockbusters.net/event-date/europe-rock-climbing-trip--2027-09-04-831/,/event-date/europe-rock-climbing-trip--2027-09-04-831,event-date,false,true,/event/climbing-trip-europe,tier-1-future-date,,,,,/trips/europe-rock-climbing-trip/zillertal?date=2027-09-04-to-2027-09-11,ready-indexable-date,726
https://rockbusters.net/event-date/europe-rock-climbing-trip--2027-09-11-832/,/event-date/europe-rock-climbing-trip--2027-09-11-832,event-date,false,true,/event/climbing-trip-europe,tier-1-future-date,,,,,/trips/europe-rock-climbing-trip/finale-ligure?date=2027-09-11-to-2027-09-18,ready-indexable-date,727
https://rockbusters.net/event-date/europe-rock-climbing-trip--2027-09-18-833/,/event-date/europe-rock-climbing-trip--2027-09-18-833,event-date,false,true,/event/climbing-trip-europe,tier-1-future-date,,,,,/trips/europe-rock-climbing-trip/ceuse?date=2027-09-18-to-2027-09-25,ready-indexable-date,728
https://rockbusters.net/event-date/europe-rock-climbing-trip--2027-09-25-834/,/event-date/europe-rock-climbing-trip--2027-09-25-834,event-date,false,true,/event/climbing-trip-europe,tier-1-future-date,,,,,/trips/europe-rock-climbing-trip/gorges-du-tarn?date=2027-09-25-to-2027-10-02,ready-indexable-date,729
https://rockbusters.net/event-date/europe-rock-climbing-trip--2027-10-02-835/,/event-date/europe-rock-climbing-trip--2027-10-02-835,event-date,false,true,/event/climbing-trip-europe,tier-1-future-date,,,,,/trips/europe-rock-climbing-trip/margalef?date=2027-10-02-to-2027-10-09,ready-indexable-date,730
https://rockbusters.net/event-date/europe-rock-climbing-trip--2027-08-21-828/,/event-date/europe-rock-climbing-trip--2027-08-21-828,event-date,false,true,/event/climbing-trip-europe,tier-1-future-date,,,,,/trips/europe-rock-climbing-trip/europe-tour?date=2027-08-21-to-2027-10-16,ready-indexable-date,723
https://rockbusters.net/event-date/europe-rock-climbing-trip--2027-10-09-836/,/event-date/europe-rock-climbing-trip--2027-10-09-836,event-date,false,true,/event/climbing-trip-europe,tier-1-future-date,,,,,/trips/europe-rock-climbing-trip/rodellar?date=2027-10-09-to-2027-10-16,ready-indexable-date,731
https://rockbusters.net/event-date/climbing-trip-spain--2027-02-20-859/,/event-date/climbing-trip-spain--2027-02-20-859,event-date,false,true,/event/climbing-trip-spain,tier-1-future-date,,,,,/trips/climbing-trip-spain/sella?date=2027-02-20-to-2027-02-27,ready-indexable-date,748
https://rockbusters.net/event-date/climbing-trip-spain--2027-02-27-860/,/event-date/climbing-trip-spain--2027-02-27-860,event-date,false,true,/event/climbing-trip-spain,tier-1-future-date,,,,,/trips/climbing-trip-spain/chulilla?date=2027-02-27-to-2027-03-06,ready-indexable-date,749
https://rockbusters.net/event-date/climbing-trip-spain--2027-03-06-861/,/event-date/climbing-trip-spain--2027-03-06-861,event-date,false,true,/event/climbing-trip-spain,tier-1-future-date,,,,,/trips/climbing-trip-spain/siurana?date=2027-03-06-to-2027-03-13,ready-indexable-date,750
https://rockbusters.net/event-date/climbing-trip-spain--2027-02-20-858/,/event-date/climbing-trip-spain--2027-02-20-858,event-date,false,true,/event/climbing-trip-spain,tier-1-future-date,,,,,/trips/climbing-trip-spain/spain-tour?date=2027-02-20-to-2027-03-20,ready-indexable-date,747
https://rockbusters.net/event-date/climbing-trip-spain--2027-03-13-862/,/event-date/climbing-trip-spain--2027-03-13-862,event-date,false,true,/event/climbing-trip-spain,tier-1-future-date,,,,,/trips/climbing-trip-spain/margalef?date=2027-03-13-to-2027-03-20,ready-indexable-date,751
https://rockbusters.net/event-date/deep-water-solo-mallorca--2026-09-26-840/,/event-date/deep-water-solo-mallorca--2026-09-26-840,event-date,false,true,/event/deep-water-solo-mallorca,tier-1-future-date,,,,,/trips/deep-water-solo-mallorca/mallorca?date=2026-09-26-to-2026-10-03,ready-indexable-date,734
https://rockbusters.net/event-date/deep-water-solo-mallorca--2026-10-03-841/,/event-date/deep-water-solo-mallorca--2026-10-03-841,event-date,false,true,/event/deep-water-solo-mallorca,tier-1-future-date,,,,,/trips/deep-water-solo-mallorca/mallorca?date=2026-10-03-to-2026-10-10,ready-indexable-date,735
https://rockbusters.net/event-date/deep-water-solo-mallorca--2026-09-26-842/,/event-date/deep-water-solo-mallorca--2026-09-26-842,event-date,false,true,/event/deep-water-solo-mallorca,tier-1-future-date,,,,,/trips/deep-water-solo-mallorca/mallorca?date=2026-09-26-to-2026-10-10,ready-indexable-date,736
https://rockbusters.net/event-date/woman-climbing--2026-10-17-846/,/event-date/woman-climbing--2026-10-17-846,event-date,false,true,/event/girls-climbing,tier-1-future-date,,,,,/trips/woman-climbing/cuenca?date=2026-10-17-to-2026-10-24,ready-indexable-date,740
https://rockbusters.net/event-date/woman-climbing--2027-03-20-871/,/event-date/woman-climbing--2027-03-20-871,event-date,false,true,/event/girls-climbing,tier-1-future-date,,,,,/trips/woman-climbing/cuenca?date=2027-03-20-to-2027-03-27,ready-indexable-date,756
https://rockbusters.net/event-date/woman-climbing--2027-10-09-872/,/event-date/woman-climbing--2027-10-09-872,event-date,false,true,/event/girls-climbing,tier-1-future-date,,,,,/trips/woman-climbing/cuenca?date=2027-10-09-to-2027-10-16,ready-indexable-date,757
https://rockbusters.net/event-date/climbing-technique-mental-coaching--2026-11-14-844/,/event-date/climbing-technique-mental-coaching--2026-11-14-844,event-date,false,true,/event/klemen-becan-performance-coaching-workshop,tier-1-future-date,,,,,/trips/climbing-technique-mental-coaching/kyparissi?date=2026-11-14-to-2026-11-21,ready-indexable-date,738
https://rockbusters.net/event-date/climbing-technique-mental-coaching--2026-11-14-843/,/event-date/climbing-technique-mental-coaching--2026-11-14-843,event-date,false,true,/event/klemen-becan-performance-coaching-workshop,tier-1-future-date,,,,,/trips/climbing-technique-mental-coaching/kyparissi?date=2026-11-14-to-2026-11-28,ready-indexable-date,737
https://rockbusters.net/event-date/climbing-technique-mental-coaching--2026-11-21-845/,/event-date/climbing-technique-mental-coaching--2026-11-21-845,event-date,false,true,/event/klemen-becan-performance-coaching-workshop,tier-1-future-date,,,,,/trips/climbing-technique-mental-coaching/kyparissi?date=2026-11-21-to-2026-11-28,ready-indexable-date,739
https://rockbusters.net/event-date/climbing-technique-mental-coaching--2027-05-08-826/,/event-date/climbing-technique-mental-coaching--2027-05-08-826,event-date,false,true,/event/klemen-becan-performance-coaching-workshop,tier-1-future-date,,,,,/trips/climbing-technique-mental-coaching/rodellar?date=2027-05-08-to-2027-05-15,ready-indexable-date,721
https://rockbusters.net/event-date/climbing-technique-mental-coaching--2027-05-08-825/,/event-date/climbing-technique-mental-coaching--2027-05-08-825,event-date,false,true,/event/klemen-becan-performance-coaching-workshop,tier-1-future-date,,,,,/trips/climbing-technique-mental-coaching/rodellar?date=2027-05-08-to-2027-05-22,ready-indexable-date,720
https://rockbusters.net/event-date/climbing-technique-mental-coaching--2027-05-15-827/,/event-date/climbing-technique-mental-coaching--2027-05-15-827,event-date,false,true,/event/klemen-becan-performance-coaching-workshop,tier-1-future-date,,,,,/trips/climbing-technique-mental-coaching/rodellar?date=2027-05-15-to-2027-05-22,ready-indexable-date,722
https://rockbusters.net/event-date/sport-climbing--2026-09-26-752/,/event-date/sport-climbing--2026-09-26-752,event-date,false,true,/event/sport-climbing,tier-1-future-date,,,,,/trips/sport-climbing/kalymnos?date=2026-09-26-to-2026-10-03,ready-indexable-date,651
https://rockbusters.net/event-date/sport-climbing--2026-10-03-852/,/event-date/sport-climbing--2026-10-03-852,event-date,false,true,/event/sport-climbing,tier-1-future-date,,,,,/trips/sport-climbing/kalymnos?date=2026-10-03-to-2026-10-10,ready-indexable-date,744
https://rockbusters.net/event-date/sport-climbing--2026-09-26-853/,/event-date/sport-climbing--2026-09-26-853,event-date,false,true,/event/sport-climbing,tier-1-future-date,,,,,/trips/sport-climbing/kalymnos?date=2026-09-26-to-2026-10-10,ready-indexable-date,745
https://rockbusters.net/event-date/sport-climbing--2026-12-19-820/,/event-date/sport-climbing--2026-12-19-820,event-date,false,true,/event/sport-climbing,tier-1-future-date,,,,,/trips/sport-climbing/sella?date=2026-12-19-to-2026-12-26,ready-indexable-date,715
https://rockbusters.net/event-date/sport-climbing--2026-12-19-819/,/event-date/sport-climbing--2026-12-19-819,event-date,false,true,/event/sport-climbing,tier-1-future-date,,,,,/trips/sport-climbing/sella?date=2026-12-19-to-2027-01-02,ready-indexable-date,714
https://rockbusters.net/event-date/sport-climbing--2026-12-26-821/,/event-date/sport-climbing--2026-12-26-821,event-date,false,true,/event/sport-climbing,tier-1-future-date,,,,,/trips/sport-climbing/sella?date=2026-12-26-to-2027-01-02,ready-indexable-date,716
https://rockbusters.net/event-date/sport-climbing--2027-01-23-864/,/event-date/sport-climbing--2027-01-23-864,event-date,false,true,/event/sport-climbing,tier-1-future-date,,,,,/trips/sport-climbing/leonidio?date=2027-01-23-to-2027-01-30,ready-indexable-date,753
https://rockbusters.net/event-date/sport-climbing--2027-01-23-812/,/event-date/sport-climbing--2027-01-23-812,event-date,false,true,/event/sport-climbing,tier-1-future-date,,,,,/trips/sport-climbing/leonidio?date=2027-01-23-to-2027-02-06,ready-indexable-date,707
https://rockbusters.net/event-date/sport-climbing--2027-01-30-865/,/event-date/sport-climbing--2027-01-30-865,event-date,false,true,/event/sport-climbing,tier-1-future-date,,,,,/trips/sport-climbing/leonidio?date=2027-01-30-to-2027-02-06,ready-indexable-date,754
https://rockbusters.net/event-date/sport-climbing--2027-03-20-823/,/event-date/sport-climbing--2027-03-20-823,event-date,false,true,/event/sport-climbing,tier-1-future-date,,,,,/trips/sport-climbing/istria?date=2027-03-20-to-2027-03-27,ready-indexable-date,718
https://rockbusters.net/event-date/sport-climbing--2027-03-20-822/,/event-date/sport-climbing--2027-03-20-822,event-date,false,true,/event/sport-climbing,tier-1-future-date,,,,,/trips/sport-climbing/istria?date=2027-03-20-to-2027-04-03,ready-indexable-date,717
https://rockbusters.net/event-date/sport-climbing--2027-03-27-824/,/event-date/sport-climbing--2027-03-27-824,event-date,false,true,/event/sport-climbing,tier-1-future-date,,,,,/trips/sport-climbing/istria?date=2027-03-27-to-2027-04-03,ready-indexable-date,719
https://rockbusters.net/event-date/sport-climbing--2027-04-17-892/,/event-date/sport-climbing--2027-04-17-892,event-date,false,true,/event/sport-climbing,tier-1-future-date,,,,,/trips/sport-climbing/finale-ligure?date=2027-04-17-to-2027-04-24,ready-indexable-date,776
https://rockbusters.net/event-date/sport-climbing--2027-04-17-891/,/event-date/sport-climbing--2027-04-17-891,event-date,false,true,/event/sport-climbing,tier-1-future-date,,,,,/trips/sport-climbing/finale-ligure?date=2027-04-17-to-2027-05-01,ready-indexable-date,775
https://rockbusters.net/event-date/sport-climbing--2027-04-24-893/,/event-date/sport-climbing--2027-04-24-893,event-date,false,true,/event/sport-climbing,tier-1-future-date,,,,,/trips/sport-climbing/finale-ligure?date=2027-04-24-to-2027-05-01,ready-indexable-date,777
https://rockbusters.net/event-date/sport-climbing--2027-06-19-878/,/event-date/sport-climbing--2027-06-19-878,event-date,false,true,/event/sport-climbing,tier-1-future-date,,,,,/trips/sport-climbing/dolomites?date=2027-06-19-to-2027-06-26,ready-indexable-date,762
https://rockbusters.net/event-date/sport-climbing--2027-06-26-879/,/event-date/sport-climbing--2027-06-26-879,event-date,false,true,/event/sport-climbing,tier-1-future-date,,,,,/trips/sport-climbing/dolomites?date=2027-06-26-to-2027-07-03,ready-indexable-date,763
https://rockbusters.net/event-date/sport-climbing--2027-06-19-880/,/event-date/sport-climbing--2027-06-19-880,event-date,false,true,/event/sport-climbing,tier-1-future-date,,,,,/trips/sport-climbing/dolomites?date=2027-06-19-to-2027-07-03,ready-indexable-date,764
https://rockbusters.net/event-date/sport-climbing--2027-07-24-881/,/event-date/sport-climbing--2027-07-24-881,event-date,false,true,/event/sport-climbing,tier-1-future-date,,,,,/trips/sport-climbing/dolomites?date=2027-07-24-to-2027-07-31,ready-indexable-date,765
https://rockbusters.net/event-date/sport-climbing--2027-07-24-882/,/event-date/sport-climbing--2027-07-24-882,event-date,false,true,/event/sport-climbing,tier-1-future-date,,,,,/trips/sport-climbing/dolomites?date=2027-07-24-to-2027-08-07,ready-indexable-date,766
https://rockbusters.net/event-date/sport-climbing--2027-07-31-883/,/event-date/sport-climbing--2027-07-31-883,event-date,false,true,/event/sport-climbing,tier-1-future-date,,,,,/trips/sport-climbing/dolomites?date=2027-07-31-to-2027-08-07,ready-indexable-date,767
